researcher_id,first_name,last_name
~Stefanos_Zafeiriou1,Zhengxin,Zhang
~Dan_Jong_Kim1,Dan,Zhao
~Miao_Jia1,Xupeng,Miao
~Ellen_Hidemi_Fukuda1,Gabriele,Oliaro
~Hao_Zhang11,Zhihao,Zhang
~Yuanming_Li1,Qing,Li
~CUICUI_JIANG1,Yong,Jiang
~Miao_Jia1,Zhihao,Jia
~Stefanos_Zafeiriou1,Hanlei,Zhang
~xu_hua1,Hua,Xu
~Caique_Roberto_de_Almeida1,Fei,Long
~Barrie_Wang3,Xin,Wang
~longjun_gao1,Kai,Gao
~Yuanming_Li1,Yafu,Li
~Yuanming_Li1,Qintong,Li
~Lening_Nick_Cui1,Leyang,Cui
~Wei_Bi1,Wei,Bi
~Barrie_Wang3,Zhilin,Wang
~Barrie_Wang3,Longyue,Wang
~Yee_Hong_Yang1,Linyi,Yang
~Bertram_E._Shi1,Shuming,Shi
~Keyue_Zhang1,Yue,Zhang
~Yuanming_Li1,Haoran,Li
~郭可嘉1,Dadi,Guo
~Yuanming_Li1,Donghao,Li
~Jungwei_Fan1,Wei,Fan
~HU_Ruixian2,Qi,Hu
~Bozhao_Liu1,Xin,Liu
~Victor_Wai_Kin_Chan1,Chunkit,Chan
~Danfeng_Yao2,Duanyi,Yao
~Danfeng_Yao2,Yuan,Yao
~Kenny_Song4,Yangqiu,Song
~HU_Ruixian2,Yuchen,Hu
~Chen-Yu_ZHAO1,Chen,Chen
~Ruei-Hau_Hsu1,Chao-Han Huck,Yang
~Yuanming_Li1,Ruizhe,Li
~Mingzhi_Dong5,Dong,Zhang
~Chen-Yu_ZHAO1,Zhehuai,Chen
~Kate_Knill1,Eng Siong,Chng
~Xu_Cao4,Yanzhi,Xu
~xu_hua1,Yueying,Hua
~Yuanming_Li1,Shichen,Li
~Barrie_Wang3,Zhongqing,Wang
~Tao_Du3,DaYou,Du
~Stefanos_Zafeiriou1,Yijia,Zhang
~Xu_Cao4,Shijie,Cao
~郭可嘉1,Jiaqi,Guo
~Xu_Cao4,Ting,Cao
~Thomas_G_Dietterich1,Xiaowen,Chu
~Xu_Cao4,Ningyi,Xu
~Chen-Yu_ZHAO1,Kai,Chen
~Barrie_Wang3,Ye,Wang
~Yuanming_Li1,Yitong,Li
~Yuanming_Li1,Aiping,Li
~hanlinqi2,Han,Yu
~Kenny_Song4,Xin,Song
~Xu_Cao4,Shicheng,Xu
~Liang-bo_Ning1,Liang,Pang
~KU_SU_WA1,Mo,Yu
~Nicole_Meng1,Fandong,Meng
~CynthiaWu1,Huawei,Shen
~Charlie_Tianyue_Cheng1,Xueqi,Cheng
~Tian_Jie1,Jie,Zhou
~HU_Ruixian2,Yong,Hu
~Nicole_Meng1,Fandong,Meng
~Tian_Jie1,Jie,Zhou
~James_Foulds1,Charu,Karakkaparambil James
~Mayank_Bansal4,Mayank,Nagda
~Hossein_Rafiee_zade1,Nooshin,Haji Ghassemi
~Bozhao_Liu1,Marius,Kloft
~Anthony_Widjaja_Lin1,Sophie,Fellenz
~Mingzhi_Dong5,Guanting,Dong
~Yuanming_Li1,Hongyi,Yuan
~Dat_Van_NGUYEN1,Keming,Lu
~Yuanming_Li1,Chengpeng,Li
~Li_Xue2,Mingfeng,Xue
~Bozhao_Liu1,Dayiheng,Liu
~Wei_Wang4,Wei,Wang
~Yuanming_Li1,Zheng,Yuan
~François_Germain1,Chang,Zhou
~Charles_Zhou1,Jingren,Zhou
~Xu_Cao4,Shanshan,Xu
~Joshua_S._White1,Santosh,T.y.s.s
~Noah_Yamamoto_Siegel1,Oana,Ichim
~Harald_Schaefer2,Barbara,Plank
~Ananta_Bhattarai1,Matthias,Grabmair
~K._Michael_Dalal1,Dhairya,Dalal
~Marco_Gonzalez-Hierro1,Marco,Valentino
~Qiang_Fu11,Andre,Freitas
~Paul_Whatmough1,Paul,Buitelaar
~Eduard_Poesina1,Eduard,Poesina
~Doina_Caragea1,Cornelia,Caragea
~Sophie_Andrade_Gruenbacher1,Radu,Ionescu
~Chen-Yu_ZHAO1,Xiusi,Chen
~CUICUI_JIANG1,Jyun-Yu,Jiang
~François_Germain1,Wei-Cheng,Chang
~GYU-HWUNG_CHO2,Cho-Jui,Hsieh
~Qiang_Fu11,Hsiang-Fu,Yu
~Wei_Wang4,Wei,Wang
~HU_Ruixian2,Yebowen,Hu
~Stefanos_Zafeiriou1,Zhengxin,Zhang
~Dan_Jong_Kim1,Dan,Zhao
~Miao_Jia1,Xupeng,Miao
~Ellen_Hidemi_Fukuda1,Gabriele,Oliaro
~Hao_Zhang11,Zhihao,Zhang
~Yuanming_Li1,Qing,Li
~CUICUI_JIANG1,Yong,Jiang
~Miao_Jia1,Zhihao,Jia
~Stefanos_Zafeiriou1,Hanlei,Zhang
~xu_hua1,Hua,Xu
~Caique_Roberto_de_Almeida1,Fei,Long
~Barrie_Wang3,Xin,Wang
~longjun_gao1,Kai,Gao
~Yuanming_Li1,Yafu,Li
~Yuanming_Li1,Qintong,Li
~Lening_Nick_Cui1,Leyang,Cui
~Wei_Bi1,Wei,Bi
~Barrie_Wang3,Zhilin,Wang
~Barrie_Wang3,Longyue,Wang
~Yee_Hong_Yang1,Linyi,Yang
~Bertram_E._Shi1,Shuming,Shi
~Keyue_Zhang1,Yue,Zhang
~Yuanming_Li1,Haoran,Li
~郭可嘉1,Dadi,Guo
~Yuanming_Li1,Donghao,Li
~Jungwei_Fan1,Wei,Fan
~HU_Ruixian2,Qi,Hu
~Bozhao_Liu1,Xin,Liu
~Victor_Wai_Kin_Chan1,Chunkit,Chan
~Danfeng_Yao2,Duanyi,Yao
~Danfeng_Yao2,Yuan,Yao
~Kenny_Song4,Yangqiu,Song
~HU_Ruixian2,Yuchen,Hu
~Chen-Yu_ZHAO1,Chen,Chen
~Ruei-Hau_Hsu1,Chao-Han Huck,Yang
~Yuanming_Li1,Ruizhe,Li
~Mingzhi_Dong5,Dong,Zhang
~Chen-Yu_ZHAO1,Zhehuai,Chen
~Kate_Knill1,Eng Siong,Chng
~Xu_Cao4,Yanzhi,Xu
~xu_hua1,Yueying,Hua
~Yuanming_Li1,Shichen,Li
~Barrie_Wang3,Zhongqing,Wang
~Tao_Du3,DaYou,Du
~Stefanos_Zafeiriou1,Yijia,Zhang
~Xu_Cao4,Shijie,Cao
~郭可嘉1,Jiaqi,Guo
~Xu_Cao4,Ting,Cao
~Thomas_G_Dietterich1,Xiaowen,Chu
~Xu_Cao4,Ningyi,Xu
~Chen-Yu_ZHAO1,Kai,Chen
~Barrie_Wang3,Ye,Wang
~Yuanming_Li1,Yitong,Li
~Yuanming_Li1,Aiping,Li
~hanlinqi2,Han,Yu
~Kenny_Song4,Xin,Song
~Xu_Cao4,Shicheng,Xu
~Liang-bo_Ning1,Liang,Pang
~KU_SU_WA1,Mo,Yu
~Nicole_Meng1,Fandong,Meng
~CynthiaWu1,Huawei,Shen
~Charlie_Tianyue_Cheng1,Xueqi,Cheng
~Tian_Jie1,Jie,Zhou
~HU_Ruixian2,Yong,Hu
~Nicole_Meng1,Fandong,Meng
~Tian_Jie1,Jie,Zhou
~James_Foulds1,Charu,Karakkaparambil James
~Mayank_Bansal4,Mayank,Nagda
~Hossein_Rafiee_zade1,Nooshin,Haji Ghassemi
~Bozhao_Liu1,Marius,Kloft
~Anthony_Widjaja_Lin1,Sophie,Fellenz
~Mingzhi_Dong5,Guanting,Dong
~Yuanming_Li1,Hongyi,Yuan
~Dat_Van_NGUYEN1,Keming,Lu
~Yuanming_Li1,Chengpeng,Li
~Li_Xue2,Mingfeng,Xue
~Bozhao_Liu1,Dayiheng,Liu
~Wei_Wang4,Wei,Wang
~Yuanming_Li1,Zheng,Yuan
~François_Germain1,Chang,Zhou
~Charles_Zhou1,Jingren,Zhou
~Xu_Cao4,Shanshan,Xu
~Joshua_S._White1,Santosh,T.y.s.s
~Noah_Yamamoto_Siegel1,Oana,Ichim
~Harald_Schaefer2,Barbara,Plank
~Ananta_Bhattarai1,Matthias,Grabmair
~K._Michael_Dalal1,Dhairya,Dalal
~Marco_Gonzalez-Hierro1,Marco,Valentino
~Qiang_Fu11,Andre,Freitas
~Paul_Whatmough1,Paul,Buitelaar
~Eduard_Poesina1,Eduard,Poesina
~Doina_Caragea1,Cornelia,Caragea
~Sophie_Andrade_Gruenbacher1,Radu,Ionescu
~Chen-Yu_ZHAO1,Xiusi,Chen
~CUICUI_JIANG1,Jyun-Yu,Jiang
~François_Germain1,Wei-Cheng,Chang
~GYU-HWUNG_CHO2,Cho-Jui,Hsieh
~Qiang_Fu11,Hsiang-Fu,Yu
~Wei_Wang4,Wei,Wang
~HU_Ruixian2,Yebowen,Hu
~Kenny_Song4,Kaiqiang,Song
~GYU-HWUNG_CHO2,Sangwoo,Cho
~Barrie_Wang3,Xiaoyang,Wang
~Eslam_Ali_Hassan_Hussein1,Hassan,Foroosh
~Mingzhi_Dong5,Dong,Yu
~Caique_Roberto_de_Almeida1,Fei,Liu
~Barrie_Wang3,Qingyun,Wang
~Renée_St._Amant1,Doug,Downey
~Yi_Fung1,Heng,Ji
~Teresa_A_Nick1,Tom,Hope
~Jian-Feng_CAI1,Yiren,Jian
~Bozhao_Liu1,Tingkai,Liu
~Zhangtao1,Yunzhe,Tao
~Stefanos_Zafeiriou1,Chunhui,Zhang
~Mohammad_Javad_Rajabi1,Soroush,Vosoughi
~Yee_Hong_Yang1,Hongxia,Yang
~Amrit_Krishnan2,Abhishek,Kumar
~Robert_Madison_Radway1,Robert,Morabito
~Sanzhar_Umbet1,Sanzhar,Umbet
~Jad_Kabbara1,Jad,Kabbara
~Dali_Kaafar1,Ali,Emami
~Wei_Wang4,Weixuan,Wang
~Pengrui_Han1,Barry,Haddow
~Alexandra_Ivoylova1,Alexandra,Birch
~Il_Memming_Park1,Brendan,Park
~Madeline_Loui_Anderson1,Madeline,Janecek
~Naser_Ezzati-Jivan1,Naser,Ezzati-Jivan
~Yuanming_Li1,Yifeng,Li
~Dali_Kaafar1,Ali,Emami
~Amrit_Krishnan2,Abhishek,Kumar
~Sarfaroz_Yunusov1,Sarfaroz,Yunusov
~Dali_Kaafar1,Ali,Emami
~Neamat_El_Gayar1,Alexandria,Leto
~Elliot_Erickson_Pickens1,Elliot,Pickens
~Tridib_Kalyan_Biswas1,Coen,Needell
~David_Pruitt1,David,Rothschild
~Estrella_Vallecillo-Rodríguez1,Maria Leonor,Pacheco
~Barrie_Wang3,Xiyao,Wang
~Charles_Zhou1,Yuhang,Zhou
~Bozhao_Liu1,Xiaoyu,Liu
~Dat_Van_NGUYEN1,Hongjin,Lu
~Xu_Cao4,Yuancheng,Xu
~haonan_he5,Feihong,He
~GYU-HWUNG_CHO2,Jaehong,Yoon
~Dat_Van_NGUYEN1,Taixi,Lu
~Bozhao_Liu1,Fuxiao,Liu
~Gedas_Bertasius1,Gedas,Bertasius
~Mayank_Bansal4,Mohit,Bansal
~Danfeng_Yao2,Huaxiu,Yao
~Chun-Hao_Paul_Huang2,Furong,Huang
~longjun_gao1,Chufan,Gao
~Barrie_Wang3,Xuan,Wang
~Xu_Cao4,Jimeng,Sun
~ShengYun_Peng1,Letian,Peng
~YU-WEI_LIU1,Yuwei,Zhang
~Barrie_Wang3,Zilong,Wang
~Manikandasriram_S._Ramanagopal1,Jayanth,Srinivasa
~Bozhao_Liu1,Gaowen,Liu
~Barrie_Wang3,Zihan,Wang
~Mingzhi_Dong1,Jingbo,Shang
~Charles_Zhou1,Yuhang,Zhou
~Xu_Cao4,Paiheng,Xu
~Bozhao_Liu1,Xiaoyu,Liu
~朱海丰1,Bang,An
~Xu_Cao4,Wei,Ai
~Chun-Hao_Paul_Huang2,Furong,Huang
~Charlie_Tianyue_Cheng1,Qi,Cheng
~Michael_Greenspan1,Michael,Boratko
~Sowmya_Kumar1,Pranay Kumar,Yelugam
~Omar_Alvarado-Cando1,Tim,O’Gorman
~Vivek_Kumar_Singh1,Nalini,Singh
~Andrew_Abel2,Andrew,McCallum
~Yuanming_Li1,Xiang,Li
~Yi_Xie7,Yueqi,Xie
~Ya_Wang13,Minghong,Fang
~Artur_M._Schweidtmann1,Renjie,Pi
~hanlinqi2,Neil,Gong
~Yeonjin_Lee1,Gyeongeun,Lee
~Sidney_Gig-Jan_Wong1,Christina,Wong
~郭可嘉1,Meghan,Guo
~Nicholas_Franzese1,Natalie,Parde
~Barrie_Wang3,Luran,Wang
~Phil_Woodland1,Mark,Gales
~Vatsal_Pravinbhai_Patel1,Vatsal,Raina
~YU-WEI_LIU1,Yuwei,Zhang
~Vivek_Kumar_Singh1,Siffi,Singh
~Anirvan_Sengupta1,Sailik,Sengupta
~Leonid_Reznik1,Igor,Shalyminov
~OU_ZHENG1,Hang,Su
~Kenny_Song4,Hwanjun,Song
~Eva_Tardos1,Saab,Mansour
~haonan_he5,Taiqi,He
~Choi_Youngrok2,Kwanghee,Choi
~Lindia_Tjuatja1,Lindia,Tjuatja
~Nathaniel_Romney_Robinson1,Nathaniel,Robinson
~Bertram_E._Shi1,Jiatong,Shi
~François_Germain1,Shinji,Watanabe
~Yvette_Graham2,Graham,Neubig
~David_R_Mortensen1,David,Mortensen
~David_Levin_I.W.1,Lori,Levin
