Author,Co-Author
Eric Xing,Amr Ahmed
Amr Ahmed,Alex Smola
Amr Ahmed,Manzil Zaheer
Amr Ahmed,William W. Cohen
Amr Ahmed,Chao-Yuan Wu
Amr Ahmed,Alex Beutel
Amr Ahmed,Shravan Matthur Narayanamurthy
Amr Ahmed,Liangjie Hong (洪亮劼)
Amr Ahmed,Sujith Ravi
Amr Ahmed,Jacob Eisenstein
Amr Ahmed,Le Song
Amr Ahmed,Robert F. Murphy
Amr Ahmed,Jun Zhu
Amr Ahmed,Ramesh Maruthi Nallapati
Amr Ahmed,Bhargav Kanagal
Amr Ahmed,Lluis Garcia Pueyo
Amr Ahmed,Gul Agha
Amr Ahmed,Andrew O. Arnold
Amr Ahmed,Choon Hui Teo
Amr Ahmed,Aaron Li
Amr Ahmed,Kostas Tsioutsiouliklis
Amr Ahmed,Qirong Ho
Amr Ahmed,Mladen Kolar
Amr Ahmed,Mehrdad Farajtabar
Amr Ahmed,NAN DU
Amr Ahmed,Kai Yu
Amr Ahmed,Yihong Gong
Amr Ahmed,Wei Xu
Amr Ahmed,Mu Li
Amr Ahmed,Yuan Wang
Amr Ahmed,Gowtham Kumar
Amr Ahmed,SVN Vishwanathan
Amr Ahmed,Sergiy Matusevych
Amr Ahmed,Eugene J. Shekita
Amr Ahmed,Greg Hanneman
Amr Ahmed,Mengqiu Wang
Amr Ahmed,Markus Weimer
Amr Ahmed,David G. Andersen
Amr Ahmed,Yuchen Zhang
Eric Xing,Michael I. Jordan
Michael I. Jordan,David Blei
Michael I. Jordan,Zoubin Ghahramani
Michael I. Jordan,Peter Bartlett
Michael I. Jordan,Francis Bach
Michael I. Jordan,Mingsheng Long
Michael I. Jordan,Ion Stoica
Michael I. Jordan,Gert Lanckriet
Michael I. Jordan,Robert Jacobs
Michael I. Jordan,David Patterson
Michael I. Jordan,John Duchi
Michael I. Jordan,Philipp Moritz
Michael I. Jordan,Benjamin Recht
Michael I. Jordan,Eric Xing
Michael I. Jordan,Pieter Abbeel
Michael I. Jordan,Tamara Broderick
Michael I. Jordan,XuanLong Nguyen
Michael I. Jordan,Yair Weiss
Michael I. Jordan,Erik B. Sudderth
Michael I. Jordan,Sergey Levine
Michael I. Jordan,Ameet Talwalkar
Michael I. Jordan,Stuart Russell
Michael I. Jordan,Daniel Wolpert
Michael I. Jordan,Yee Whye Teh
Michael I. Jordan,Ling Huang
Michael I. Jordan,Michael Franklin
Michael I. Jordan,Emily B. Fox
Michael I. Jordan,Nello Cristianini
Michael I. Jordan,Alan S. Willsky
Michael I. Jordan,Jon McAuliffe
Michael I. Jordan,Percy Liang
Michael I. Jordan,Jason D. Lee
Michael I. Jordan,Shankar Sastry
Michael I. Jordan,Geoffrey Hinton
Michael I. Jordan,John Schulman
Michael I. Jordan,Alex Aiken
Michael I. Jordan,Guillaume Obozinski
Michael I. Jordan,Robert Nishihara
Michael I. Jordan,Ben Liblit
Michael I. Jordan,Lei Xu
Michael I. Jordan,Lester Mackey
Michael I. Jordan,Ben Taskar
Michael I. Jordan,Ashia C. Wilson
Michael I. Jordan,Peter Bodik
Michael I. Jordan,Thomas L. Griffiths
Michael I. Jordan,Nando de Freitas
Michael I. Jordan,Virginia Smith
Michael I. Jordan,Zhihua Zhang
Michael I. Jordan,Tom Mitchell
Michael I. Jordan,Martin Jaggi
Michael I. Jordan,John Paisley
Michael I. Jordan,William Stafford Noble
Michael I. Jordan,Tim Kraska
Michael I. Jordan,Xinghao Pan
Michael I. Jordan,Wei Xu
Michael I. Jordan,Anthony D. Joseph
Michael I. Jordan,Horia Mania
Michael I. Jordan,Satinder Singh
Michael I. Jordan,Charles Sutton
Michael I. Jordan,Mayur Naik
Michael I. Jordan,Terrence Sejnowski
Michael I. Jordan,Matthew J. Beal
Michael I. Jordan,Simon Lacoste-Julien
Michael I. Jordan,Martin Takáč
Michael I. Jordan,Adam Paul Arkin
Michael I. Jordan,Patrick Flaherty
Michael I. Jordan,Sriram Sankararaman
Michael I. Jordan,Emo Todorov
Michael I. Jordan,Chris HQ Ding （丁宏强）
Michael I. Jordan,Tao Li (李涛)
Michael I. Jordan,Arnaud Doucet
Michael I. Jordan,Alexandre d'Aspremont
Michael I. Jordan,Christopher M. Bishop
Michael I. Jordan,Kenji Fukumizu
Michael I. Jordan,Bruno Sinopoli
Michael I. Jordan,Barbara Engelhardt
Michael I. Jordan,Kannan Ramchandran
Michael I. Jordan,Nina Taft
Michael I. Jordan,Minos Garofalakis
Michael I. Jordan,Kevin Murphy
Michael I. Jordan,Jennifer Dy
Michael I. Jordan,Michael Kearns
Michael I. Jordan,Thomas Schön
Michael I. Jordan,Eran Halperin
Michael I. Jordan,Neil D. Lawrence
Michael I. Jordan,Christophe Andrieu
Michael I. Jordan,Joshua B. Tenenbaum
Michael I. Jordan,Guri Nina Giaever
Michael I. Jordan,David Heckerman
Michael I. Jordan,Donghui Yan
Michael I. Jordan,Joseph Hellerstein
Michael I. Jordan,Steven E. Brenner
Michael I. Jordan,Xi Chen
Michael I. Jordan,luca schenato
Michael I. Jordan,Massimo Franceschetti
Michael I. Jordan,Dimitris Papailiopoulos
Michael I. Jordan,Brian Kulis
Michael I. Jordan,Jim Pitman
Michael I. Jordan,Matthias Seeger
Michael I. Jordan,Samuel Madden
Michael I. Jordan,Barzan Mozafari
Michael I. Jordan,Donglin Niu
Michael I. Jordan,Mario Svirsky
Michael I. Jordan,Pinar Duygulu Sahin
Michael I. Jordan,David Forsyth
Michael I. Jordan,Kobus Barnard
Michael I. Jordan,Tijl De Bie
Michael I. Jordan,Peter Richtarik
Michael I. Jordan,Matei Zaharia
Michael I. Jordan,Padhraic Smyth
Michael I. Jordan,Corey Nislow
Michael I. Jordan,Claude Prablanc
Michael I. Jordan,Thomas Hofmann
Michael I. Jordan,Deepayan Chakrabarti
Michael I. Jordan,Philip N. Sabes
Michael I. Jordan,Ali Ghodsi
Michael I. Jordan,Randy Katz
Michael I. Jordan,Mosharaf Chowdhury
Michael I. Jordan,Chong Wang
Michael I. Jordan,Ryan P. Adams
Michael I. Jordan,Lior Pachter
Michael I. Jordan,Jyri J. Kivinen
Michael I. Jordan,Slav Petrov
Michael I. Jordan,George Candea
Michael I. Jordan,Tamar Flash
Michael I. Jordan,Kimmen Sjolander
Michael I. Jordan,Ethem Alpaydin
Michael I. Jordan,Amol Deshpande
Michael I. Jordan,David Rosenbaum
Michael I. Jordan,Mike Y. Chen - 陳彥仰
Michael I. Jordan,Quaid Morris
Michael I. Jordan,Ron Shamir
Michael I. Jordan,Dit-Yan Yeung
Michael I. Jordan,Raquel Urtasun
Michael I. Jordan,Michael Mozer
Michael I. Jordan,Alekh Agarwal
Michael I. Jordan,Joel A. Tropp
Michael I. Jordan,Roland Dunbrack
Michael I. Jordan,William Lee
Michael I. Jordan,Richard Baraniuk
Michael I. Jordan,Guillermo Sapiro
Michael I. Jordan,Volkan Cevher
Michael I. Jordan,Michael B. Wakin
Michael I. Jordan,Tuan Dinh
Michael I. Jordan,Trevor Darrell
Michael I. Jordan,Kathryn B. Laskey
Michael I. Jordan,Guoli Wang
Michael I. Jordan,Gerard Bailly
Michael I. Jordan,Derek Radisky
Michael I. Jordan,Emre Kıcıman
Michael I. Jordan,Scott Shenker
Michael I. Jordan,Mark Diekhans
Michael I. Jordan,Meihong Wang
Michael I. Jordan,Aiyou CHEN
Michael I. Jordan,Benedict Paten
Michael I. Jordan,Shusen Wang
Michael I. Jordan,Carlotta Domeniconi
Michael I. Jordan,Susanna Repo
Michael I. Jordan,Yuchen Zhang
Michael I. Jordan,Sameer Agarwal
Michael I. Jordan,Evan R. Sparks
Michael I. Jordan,John Srouji
Michael I. Jordan,Roded Sharan
Michael I. Jordan,Sameer Agarwal
Michael I. Jordan,David Baker
Michael I. Jordan,Mario Micheli
Michael I. Jordan,David Weiss
Michael I. Jordan,Charles E. Grant
Michael I. Jordan,Eric Vatikiotis-Bateson
Michael I. Jordan,Sanjay Krishnan
Michael I. Jordan,Denny Zhou
Michael I. Jordan,Richard Y. Chen
Michael I. Jordan,"H. Jin Kim (김현진, Hyoun Jin Kim)"
Michael I. Jordan,John C. Platt
Michael I. Jordan,Andrew Packard
Michael I. Jordan,Laurent Lessard
Michael I. Jordan,Daniel Crankshaw
Michael I. Jordan,Peter Bailis
Michael I. Jordan,Donghui Wang
Michael I. Jordan,David Haussler
Michael I. Jordan,Michael C. Hughes
Michael I. Jordan,Elaine Angelino
Michael I. Jordan,Sara Mathieson
Michael I. Jordan,Daniel Haas
Michael I. Jordan,Rhiju Das
Michael I. Jordan,Wu-Jun Li
Michael I. Jordan,Michael Cafarella
Michael I. Jordan,Gunther H. Weber
Michael I. Jordan,Samet Oymak
Michael I. Jordan,Raghu Ramakrishnan
Michael I. Jordan,Eric Brewer
Michael I. Jordan,Han Liu
Michael I. Jordan,Mitsuo Kawato
Eric Xing,Garth Alan Gibson
Garth Alan Gibson,Greg Ganger
Garth Alan Gibson,David Patterson
Garth Alan Gibson,Randy Katz
Garth Alan Gibson,Eric Xing
Garth Alan Gibson,Erik Riedel
Garth Alan Gibson,David Nagle
Garth Alan Gibson,Khalil Amiri
Garth Alan Gibson,Kai Ren
Garth Alan Gibson,Qirong Ho
Garth Alan Gibson,Bianca Schroeder
Garth Alan Gibson,Peter M. Chen
Garth Alan Gibson,Swapnil Patil
Garth Alan Gibson,William V. Courtright II
Garth Alan Gibson,Jinliang Wei
Garth Alan Gibson,Sean (Seunghak) Lee
Garth Alan Gibson,Phillip Gibbons
Garth Alan Gibson,Qing Zheng
Garth Alan Gibson,John Bent
Garth Alan Gibson,Vijay Vasudevan
Garth Alan Gibson,Jin Kyu Kim
Garth Alan Gibson,Wei Dai
Garth Alan Gibson,Henggang Cui
Garth Alan Gibson,Christos Faloutsos
Garth Alan Gibson,David A. Wood
Garth Alan Gibson,David G. Andersen
Garth Alan Gibson,Amar Phanishayee
Garth Alan Gibson,David Petrou
Garth Alan Gibson,Jiří Šimša
Garth Alan Gibson,George Amvrosiadis
Garth Alan Gibson,Meghan Wingate McClelland
Garth Alan Gibson,Susan J Eggers
Garth Alan Gibson,John H. Hartman
Garth Alan Gibson,Brent B Welch
Garth Alan Gibson,Randal Bryant
Garth Alan Gibson,Srinivasan Seshan
Garth Alan Gibson,Brad Settlemyer
Garth Alan Gibson,Andrew Tomkins
Garth Alan Gibson,Mark D. Hill
Garth Alan Gibson,Kai Li
Garth Alan Gibson,Brian Bershad
Garth Alan Gibson,Bin Fan
Garth Alan Gibson,Richard Draves
Garth Alan Gibson,Mahadev Satyanarayanan
Garth Alan Gibson,Scott Klasky
Garth Alan Gibson,Jay Lofstead
Garth Alan Gibson,Matthew Wolf
Garth Alan Gibson,john wilkes
Garth Alan Gibson,Robert B. Ross
Garth Alan Gibson,Rodney Van Meter
Garth Alan Gibson,David A Hodges
Garth Alan Gibson,Qing Liu
Garth Alan Gibson,Daniel Siewiorek
Garth Alan Gibson,Aurick Qiao
Garth Alan Gibson,Abhimanu Kumar
Garth Alan Gibson,Jeffrey S. Vitter
Garth Alan Gibson,Ron Oldfield
Garth Alan Gibson,Anand Jayarajan
Garth Alan Gibson,Tracy Kimbrel
Garth Alan Gibson,Pei Cao
Garth Alan Gibson,Carlos Maltzahn
Garth Alan Gibson,Xun Zheng
Garth Alan Gibson,John Ousterhout
Garth Alan Gibson,James R Larus
Garth Alan Gibson,Benjamin Zorn
Garth Alan Gibson,Saurabh Kadekodi
Garth Alan Gibson,Abutalib Aghayev
Garth Alan Gibson,Gennady Pekhimenko
Garth Alan Gibson,Nathan DeBardeleben
Garth Alan Gibson,Jun Woo Park
Garth Alan Gibson,Anna R. Karlin
Garth Alan Gibson,Aaron Harlap
Garth Alan Gibson,Bin Fu
Garth Alan Gibson,Aaron Torres
Garth Alan Gibson,Jun He
Garth Alan Gibson,Xian-He Sun
Garth Alan Gibson,Heming Cui
Garth Alan Gibson,Junfeng Yang
Garth Alan Gibson,Galen Shipman
Garth Alan Gibson,Rob Latham
Garth Alan Gibson,Kevin Harms
Garth Alan Gibson,Matthieu Dorier
Garth Alan Gibson,Alexandra Fedorova
Garth Alan Gibson,Kimberly Keeton
Garth Alan Gibson,Peter Desnoyers
Garth Alan Gibson,Peter Corbett
Garth Alan Gibson,Joy Arulraj
Garth Alan Gibson,Alec Wolman
Garth Alan Gibson,Manish Parashar
Garth Alan Gibson,Norbert Podhorszki
Garth Alan Gibson,Seung Woo Son
Garth Alan Gibson,Fan Guo
Garth Alan Gibson,pradeep k. khosla
Garth Alan Gibson,Wyatt Lloyd
Garth Alan Gibson,Daniel Belov
Garth Alan Gibson,Lianghong Xu
Garth Alan Gibson,Alexey Tumanov
Garth Alan Gibson,Adam Manzanares
Garth Alan Gibson,Lee Ward
Garth Alan Gibson,Anand Suresh
Garth Alan Gibson,Hsing-Bung Chen
Garth Alan Gibson,Mahmut Kandemir
Garth Alan Gibson,Peter Honeyman
Garth Alan Gibson,Dushyanth Narayanan
Garth Alan Gibson,Deog-Kyoon Jeong
Garth Alan Gibson,Tiziana Di Matteo
Garth Alan Gibson,Richard R. Muntz
Garth Alan Gibson,Thomas Cormen
Garth Alan Gibson,Raja R. Sambasivan
Garth Alan Gibson,Darrell DE Long
Garth Alan Gibson,Dries Kimpe
Garth Alan Gibson,Michael Kaminsky
Garth Alan Gibson,roger wood
Garth Alan Gibson,Ann L. Chervenak
Garth Alan Gibson,Michael W. Bigrigg
Eric Xing,Jun Zhu
Jun Zhu,Hang Su
Jun Zhu,Yinpeng Dong
Jun Zhu,Chongxuan Li
Jun Zhu,Tianyu Pang
Jun Zhu,Jianfei Chen
Jun Zhu,Fan Bao
Jun Zhu,Eric Xing
Jun Zhu,Ning Chen
Jun Zhu,Xiaolin Hu
Jun Zhu,Zhijie Deng
Jun Zhu,Cheng Lu
Jun Zhu,Ji-Rong Wen
Jun Zhu,Shixia Liu
Jun Zhu,Jiaxin Shi
Jun Zhu,Wei-Ying Ma
Jun Zhu,Chang Liu
Jun Zhu,Amr Ahmed
Eric Xing,Noah A. Smith
Noah A. Smith,Chris Dyer
Noah A. Smith,Yejin Choi
Noah A. Smith,Roy Schwartz
Noah A. Smith,Hannaneh Hajishirzi
Noah A. Smith,Swabha Swayamdipta
Noah A. Smith,Brendan T. O'Connor
Noah A. Smith,Kevin Gimpel
Noah A. Smith,Maarten Sap
Noah A. Smith,Jesse Dodge
Noah A. Smith,Sachin Gururangan
Noah A. Smith,Nathan Schneider
Noah A. Smith,Eric Xing
Noah A. Smith,Bryan Routledge
Noah A. Smith,Luke Zettlemoyer
Noah A. Smith,Andre Martins
Noah A. Smith,Dipanjan Das
Noah A. Smith,Dallas Card
Noah A. Smith,Dani Yogatama
Noah A. Smith,Mari Ostendorf
Noah A. Smith,Michael Heilman
Noah A. Smith,David Bamman
Noah A. Smith,Jacob Eisenstein
Noah A. Smith,Lingpeng Kong
Noah A. Smith,Iz Beltagy
Noah A. Smith,Sam Thomson
Noah A. Smith,Kyle Lo
Noah A. Smith,Ronan Le Bras
Noah A. Smith,Miguel Ballesteros
Noah A. Smith,Shay Cohen
Noah A. Smith,Mario AT Figueiredo
Noah A. Smith,Matthew E Peters
Noah A. Smith,Yulia Tsvetkov
Noah A. Smith,Jeffrey Flanigan
Noah A. Smith,Pedro MQ Aguiar
Noah A. Smith,Ana Marasović
Noah A. Smith,Jason Eisner
Noah A. Smith,Pradeep Dasigi
Noah A. Smith,Victor Chahuneau
Noah A. Smith,Fei Liu
Noah A. Smith,William Merrill
Noah A. Smith,Chenhao Tan
Noah A. Smith,Norman Sadeh
Noah A. Smith,Ofir Press
Noah A. Smith,Chandra Bhagavatula
Noah A. Smith,Yanchuan Sim
Noah A. Smith,Philip Resnik
Noah A. Smith,Justin H. Gross
Noah A. Smith,Nelson F. Liu
Noah A. Smith,Waleed Ammar
Noah A. Smith,Manaal Faruqui
Noah A. Smith,Matt Gardner
Noah A. Smith,Sachin Kumar
Noah A. Smith,Desai Chen
Noah A. Smith,Yangfeng Ji
Noah A. Smith,Sameer Singh
Noah A. Smith,Ramnath Balasubramanyan
Noah A. Smith,Tae Yano
Noah A. Smith,Omer Levy
Noah A. Smith,Amber Boydstun
Noah A. Smith,Yoav Goldberg
Noah A. Smith,Gabriel Stanovsky
Noah A. Smith,Shomir Wilson
Noah A. Smith,Rohan Ramanath
Noah A. Smith,Adhiguna Kuncoro
Noah A. Smith,Jonathan H Clark
Noah A. Smith,David A. Smith
Noah A. Smith,Dan Jurafsky
Noah A. Smith,Florian Schaub
Noah A. Smith,Ali Farhadi
Noah A. Smith,Doug Downey
Noah A. Smith,Lucy H. Lin
Noah A. Smith,Alon Lavie
Noah A. Smith,Hao Cheng
Noah A. Smith,Gabriel Ilharco
Noah A. Smith,Katharina Reinecke
Noah A. Smith,Lianhui Qin
Noah A. Smith,Brice Acree
Noah A. Smith,Samuel R. Bowman
Noah A. Smith,Sebastian Ruder
Noah A. Smith,Sujay Kumar Jauhar
Noah A. Smith,Kemal Oflazer
Noah A. Smith,Behrang Mohit
Noah A. Smith,Shimon Kogan
Noah A. Smith,Jacob Sagi
Noah A. Smith,Wang Ling
Noah A. Smith,Austin Matthews
Noah A. Smith,Tobi Owoputi
Noah A. Smith,Robert L Logan IV
Noah A. Smith,Vidur Joshi
Noah A. Smith,Yonatan Belinkov
Noah A. Smith,Graham Neubig
Noah A. Smith,Asli Celikyilmaz
Noah A. Smith,Franz Och
Noah A. Smith,David Yarowsky
Noah A. Smith,Eric Horvitz
Noah A. Smith,Carolyn Penstein Rose
Noah A. Smith,Stephan Vogel
Noah A. Smith,William W. Cohen
Noah A. Smith,Mengqiu Wang
Noah A. Smith,Teruko Mitamura
Noah A. Smith,Liang Lu
Noah A. Smith,Emily Kalah Gade
Noah A. Smith,Sarah K. Dreier
Noah A. Smith,Roy Tromble
Noah A. Smith,Ioannis Konstas
Noah A. Smith,Jason Baldridge
Noah A. Smith,Guillaume Lample
Noah A. Smith,Xiujun Li
Noah A. Smith,Chunyuan Li
Noah A. Smith,Qiaolin Xia (夏乔林)
Noah A. Smith,Jianfeng Gao
Noah A. Smith,Yonatan Bisk
Noah A. Smith,Alessandro Acquisti
Noah A. Smith,Lorrie Faith Cranor
Noah A. Smith,Mahesh Joshi
Noah A. Smith,Archna Bhatia
Noah A. Smith,Dong Nguyen
Noah A. Smith,Hao Fang
Noah A. Smith,Ted Underwood
Noah A. Smith,John Wilkerson
Noah A. Smith,Steve Renals
Noah A. Smith,Miguel Borges de Almeida
Noah A. Smith,Aaron Jaech
Noah A. Smith,Brian Primack
Noah A. Smith,Zhilin Yang
Noah A. Smith,Mark Johnson
Noah A. Smith,Robert J. Simmons
Noah A. Smith,David Blei
Noah A. Smith,Alan W Black
Noah A. Smith,Dan Tasse
Noah A. Smith,thuylinh nguyen
Noah A. Smith,Rebecca Hwa
Noah A. Smith,Brandon M. Stewart
Noah A. Smith,Markus Dreyer
Noah A. Smith,Phil Blunsom
Noah A. Smith,Minghui Qiu
Noah A. Smith,Matthew Hurst
Noah A. Smith,Frederick Crabbe
Noah A. Smith,Sourish Chaudhuri
Noah A. Smith,Naomi Saphra
Noah A. Smith,Chong Wang
Noah A. Smith,Dan Garrette
Noah A. Smith,GOTTIPATI Swapna
Noah A. Smith,Yaser ALONAIZAN
Noah A. Smith,Alexander M. Rush
Noah A. Smith,Jing Jiang
Noah A. Smith,Meghana Kshirsagar
Noah A. Smith,Kawakami Kazuya
Noah A. Smith,Zita Marinho
Noah A. Smith,Jason B. Colditz
Noah A. Smith,Miguel Almeida
Noah A. Smith,Hao Tang
Noah A. Smith,Karen Livescu
Noah A. Smith,Sebastian Martschat
Noah A. Smith,Su-In Lee
Noah A. Smith,Patrick Xia
Noah A. Smith,Naomi Saphra
Noah A. Smith,Wanxiang Che
Noah A. Smith,Yijia Liu
Noah A. Smith,Kevin Jamieson
Noah A. Smith,Scott B Miles
Noah A. Smith,Kenton Lee
Noah A. Smith,Nigini Oliveira
Noah A. Smith,Kanthashree Mysore Sathyendra
Noah A. Smith,Sebastian Zimmeck
Noah A. Smith,Peter Story
Noah A. Smith,Yi Zhu
Noah A. Smith,Eva Schlinger
Noah A. Smith,Deric Pang
Noah A. Smith,Marta R. Costa-jussà
Noah A. Smith,Gary Hsieh
Noah A. Smith,Eran Yahav
Noah A. Smith,Gail Weiss
Noah A. Smith,Dianqi Li
Noah A. Smith,Gina-Anne Levow
Eric Xing,Mladen Kolar
Mladen Kolar,Eric Xing
Mladen Kolar,Han Liu
Mladen Kolar,Le Song
Mladen Kolar,Sen Na
Mladen Kolar,Ming Yu
Mladen Kolar,Jialei Wang
Mladen Kolar,Boxin Zhao
Mladen Kolar,Zhuoran Yang
Mladen Kolar,Varun Gupta
Mladen Kolar,Zhaoran Wang
Mladen Kolar,Alessandro Rinaldo
Mladen Kolar,Nathan Srebro
Mladen Kolar,Aarti Singh
Mladen Kolar,Sivaraman Balakrishnan
Mladen Kolar,Larry Wasserman
Mladen Kolar,Sanmi Koyejo
Mladen Kolar,Luofeng Liao
Mladen Kolar,Y. Samuel Wang
Mladen Kolar,Junwei Lu
Mladen Kolar,Tong Zhang
Mladen Kolar,Mihai Anitescu
Mladen Kolar,Amr Ahmed
Mladen Kolar,You-Lin Chen
Mladen Kolar,Katherine Tsai
Mladen Kolar,Bojana Dalbelo Basic
Mladen Kolar,Rina Foygel Barber
Mladen Kolar,Jan Snajder
Mladen Kolar,Yuwei Luo
Mladen Kolar,Michael Mahoney
Mladen Kolar,Filip Hanzely
Mladen Kolar,Yuchen Fang
Mladen Kolar,Sasa Petrovic
Mladen Kolar,Song Liu
Mladen Kolar,Jelena Bradic
Mladen Kolar,Jason D. Lee
Mladen Kolar,Mehrdad Mahdavi
Mladen Kolar,Byol Kim
Mladen Kolar,Zuyue Fu
Mladen Kolar,Yixin Wang
Mladen Kolar,Tianqi Zhao
Mladen Kolar,Sinong Geng
Mladen Kolar,Tim Tsz-Kit Lau
Mladen Kolar,Ankur P Parikh
Mladen Kolar,James Sharpnack
Mladen Kolar,Bo Dai
Mladen Kolar,Mathias Drton
Mladen Kolar,Siqi Sun
Mladen Kolar,Jinbo Xu
Mladen Kolar,Dacheng Tao
Mladen Kolar,Li Shen
Mladen Kolar,Lingxiao Wang
Mladen Kolar,Weiran Wang
Mladen Kolar,Pradipta Ray
Mladen Kolar,Pradeep Ravikumar
Mladen Kolar,Arun Sai Suggala
Mladen Kolar,Percy S Zhai
Mladen Kolar,Xu Wang
Mladen Kolar,Minhao Yan
Mladen Kolar,Ali Shojaie
Mladen Kolar,Irina Gaynanova
Mladen Kolar,Ran Dai
Mladen Kolar,Raul Castro Fernandez
Mladen Kolar,Tuo Zhao
Mladen Kolar,Ziqi Liu
Mladen Kolar,Jun Zhou
Mladen Kolar,Zhiqiang Zhang
Mladen Kolar,Chaochao Chen
Mladen Kolar,Shuang Qiu
Mladen Kolar,Weijian Li
Mladen Kolar,Seyoung Kim
Mladen Kolar,Panos Toulis
Mladen Kolar,Pedro Cisneros-Velarde
Mladen Kolar,Ilgee Hong
Mladen Kolar,Mingxuan Yi
Mladen Kolar,Dake Zhang
Mladen Kolar,Xiaohan Wei
Mladen Kolar,Leyang Wang
Mladen Kolar,Danny Williams
Mladen Kolar,Cong Ma
Mladen Kolar,Wai Ming Tai
Mladen Kolar,Zhao Lyu
Mladen Kolar,Bryon Aragam
Mladen Kolar,Matt Taddy
Mladen Kolar,Boxiang Lyu
Eric Xing,Kumar Avinava Dubey
Kumar Avinava Dubey,Amr Ahmed
Kumar Avinava Dubey,Eric Xing
Kumar Avinava Dubey,Manzil Zaheer
Kumar Avinava Dubey,Guru Guruganesh
Kumar Avinava Dubey,Joshua Ainslie
Kumar Avinava Dubey,Krzysztof Choromanski
Kumar Avinava Dubey,Qifan Wang
Kumar Avinava Dubey,Li Yang
Kumar Avinava Dubey,Santiago Ontañón
Kumar Avinava Dubey,Sinead Williamson
Kumar Avinava Dubey,Mrinmaya Sachan
Kumar Avinava Dubey,Anirudh Ravula
Kumar Avinava Dubey,Philip Pham
Kumar Avinava Dubey,Chris Alberti
Kumar Avinava Dubey,Nicholas Monath
Kumar Avinava Dubey,Barnabas Poczos
Kumar Avinava Dubey,Tom Mitchell
Kumar Avinava Dubey,Somnath Basu Roy Chowdhury
Kumar Avinava Dubey,Valerii Likhosherstov
Kumar Avinava Dubey,Deepali Jain
Kumar Avinava Dubey,Snigdha Chaturvedi
Kumar Avinava Dubey,Junier Oliva
Kumar Avinava Dubey,Jeff Schneider
Kumar Avinava Dubey,Tamás Sarlós
Kumar Avinava Dubey,Andrew McCallum
Kumar Avinava Dubey,Arijit Sehanobish
Kumar Avinava Dubey,Maruan Al-Shedivat
Kumar Avinava Dubey,Adrian Weller
Kumar Avinava Dubey,Vikas Sindhwani
Kumar Avinava Dubey,Dan Roth
Kumar Avinava Dubey,Rose Catherine Kanjirathinkal
Kumar Avinava Dubey,Sashank J. Reddi
Kumar Avinava Dubey,Gokhan Mergen
Kumar Avinava Dubey,Indrajit Bhattacharya
Kumar Avinava Dubey,Eduard Hovy
Kumar Avinava Dubey,Ahmed Hefny
Kumar Avinava Dubey,Matthew Richardson
Kumar Avinava Dubey,Frederick Liu
Kumar Avinava Dubey,Soumen Chakrabarti
Kumar Avinava Dubey,Marc Najork
Kumar Avinava Dubey,Shantanu Godbole
Kumar Avinava Dubey,Chiranjib Bhattacharyya
Kumar Avinava Dubey,Emmanouil Antonios Platanios
Kumar Avinava Dubey,Qirong Ho
Kumar Avinava Dubey,Alex Smola
Kumar Avinava Dubey,Aranyak Mehta
Kumar Avinava Dubey,Jacob Varley
Kumar Avinava Dubey,Ruslan Salakhutdinov
Kumar Avinava Dubey,Sumeet Singh
Kumar Avinava Dubey,Andrew Gordon Wilson
Kumar Avinava Dubey,jinesh machchhar
Kumar Avinava Dubey,Michael Minyi Zhang
Kumar Avinava Dubey,Mostafa Dehghani
Kumar Avinava Dubey,Ali Bashir
Kumar Avinava Dubey,Zahra Shamsi
Kumar Avinava Dubey,Brian Williams
Kumar Avinava Dubey,Konik Kothari
Kumar Avinava Dubey,Adamos Solomou
Kumar Avinava Dubey,Sankalan Pal Chowdhury
Kumar Avinava Dubey,Yunfan Zhao
Kumar Avinava Dubey,Thomas Weingarten
Kumar Avinava Dubey,Shashank Srivastava
Kumar Avinava Dubey,Suvrit Sra
Kumar Avinava Dubey,Carlton Downey
Kumar Avinava Dubey,Tingnan Zhang
Kumar Avinava Dubey,Olivier Bachem
Kumar Avinava Dubey,Kaiwen Wang
Kumar Avinava Dubey,Andrea Michi
Kumar Avinava Dubey,Johan Ferret
Kumar Avinava Dubey,Raghav Gupta
Kumar Avinava Dubey,Alekh Agarwal
Kumar Avinava Dubey,Ryan Sullivan
Kumar Avinava Dubey,Geoffrey Cideron
Kumar Avinava Dubey,Han Lin
Kumar Avinava Dubey,Somnath Banerjee
Kumar Avinava Dubey,Andy Zeng
Kumar Avinava Dubey,Zhiting Hu
Kumar Avinava Dubey,Kanishka Rao
Kumar Avinava Dubey,Yao Lu
Kumar Avinava Dubey,Michael S. Ryoo
Kumar Avinava Dubey,Karol Hausman
Kumar Avinava Dubey,Mingda Qiao
Kumar Avinava Dubey,Ankit Singh Rawat
Kumar Avinava Dubey,Shengjie Luo
Kumar Avinava Dubey,Shanda Li
Kumar Avinava Dubey,Jie Tan
Kumar Avinava Dubey,Mrinal Das
Kumar Avinava Dubey,Patrick Flaherty
Kumar Avinava Dubey,Craig S. Greenberg
Kumar Avinava Dubey,Sebastian Macaluso
Eric Xing,Jacob Eisenstein
Jacob Eisenstein,Eric Xing
Jacob Eisenstein,Noah A. Smith
Jacob Eisenstein,Brendan T. O'Connor
Jacob Eisenstein,Yangfeng Ji
Jacob Eisenstein,Umashanthi Pavalanathan
Jacob Eisenstein,Yi Yang
Jacob Eisenstein,David Bamman
Jacob Eisenstein,Jean Vanderdonckt
Jacob Eisenstein,Amr Ahmed
Eric Xing,David Blei
David Blei,Michael I. Jordan
David Blei,Chong Wang
David Blei,John Paisley
David Blei,Edoardo M Airoldi
David Blei,Jordan Boyd-Graber
David Blei,Jonathan Chang
David Blei,Prem Gopalan
David Blei,Samuel Gershman
David Blei,Jon McAuliffe
David Blei,Thomas L. Griffiths
David Blei,Francis Bach
David Blei,Allison JB Chaney
David Blei,Joshua B. Tenenbaum
David Blei,David Mimno
David Blei,Yee Whye Teh
David Blei,Kenneth A. Norman
David Blei,Peter I Frazier
David Blei,Mingyuan Zhou
David Blei,Pinar Duygulu Sahin
David Blei,David Forsyth
David Blei,Li Fei-Fei
David Blei,Warrren B Powell
David Blei,Jake Hofman
David Blei,Jeremy R. Manning
David Blei,Sinead Williamson
David Blei,Xiaojin Zhu
David Blei,Andrew McCallum
David Blei,Yael Niv
David Blei,Li-Jia Li
David Blei,Michael J. Freedman
David Blei,Peter J. Ramadge
David Blei,Alex Lorbert
David Blei,Soumya Ghosh
David Blei,J. Andrew Bagnell
David Blei,Richard Socher
David Blei,Indraneel Mukherjee
David Blei,Francisco Pereira
David Blei,Noah A. Smith
David Blei,Shay Cohen
David Blei,Miroslav Dudik
David Blei,Matthew D. Hoffman
Eric Xing,Edoardo M Airoldi
Edoardo M Airoldi,Stephen E Fienberg 1942-2016
Edoardo M Airoldi,David Blei
Edoardo M Airoldi,Eric Xing
Edoardo M Airoldi,Gábor Csárdi
Edoardo M Airoldi,Panos Toulis
Edoardo M Airoldi,Alexander Franks
Edoardo M Airoldi,Margaret E. Roberts
Edoardo M Airoldi,Brandon M. Stewart
Edoardo M Airoldi,Olga Troyanskaya
Edoardo M Airoldi,Tamás Nepusz
Edoardo M Airoldi,Bradley Malin
Edoardo M Airoldi,Eric Wang
Edoardo M Airoldi,Tuan Q. Phan
Edoardo M Airoldi,Nikolai Slavov
Edoardo M Airoldi,D. Allan Drummond
Edoardo M Airoldi,Laura Forastiere
Edoardo M Airoldi,David Botstein
Edoardo M Airoldi,Dave Choi
Edoardo M Airoldi,Jean Pouget-Abadie
Edoardo M Airoldi,Nicholas A. Christakis
Edoardo M Airoldi,Patrick J. Wolfe
Edoardo M Airoldi,Simon Lunagomez
Edoardo M Airoldi,Stanley H. Chan
Edoardo M Airoldi,Guillaume Basse
Edoardo M Airoldi,Alexander Volfovsky
Edoardo M Airoldi,Hasan Cavusoglu
Edoardo M Airoldi,Kevin S. Xu
Edoardo M Airoldi,Guillaume Saint-Jacques
Edoardo M Airoldi,Weitao Duan
Edoardo M Airoldi,Souvik Ghosh
Edoardo M Airoldi,Thibaut Horel
Edoardo M Airoldi,Donald B Rubin
Edoardo M Airoldi,James H. Fowler
Edoardo M Airoldi,Daniel Lewis Sussman
Edoardo M Airoldi,Eric Solis
Edoardo M Airoldi,Christian Borgs
Edoardo M Airoldi,Christina Lee Yu (formerly Christina E. Lee)
Edoardo M Airoldi,Jennifer Chayes
Edoardo M Airoldi,Aaron Clauset
Edoardo M Airoldi,Amir Ghasemian
Edoardo M Airoldi,Vahab Mirrokni
Edoardo M Airoldi,Vishesh Karwa
Edoardo M Airoldi,Edward K. Kao
Edoardo M Airoldi,Marios Papamichalis
Edoardo M Airoldi,Robert L. Wolpert
Edoardo M Airoldi,Sayan Mukherjee
Edoardo M Airoldi,Chencheng Cai
Edoardo M Airoldi,Alexander D'Amour
Edoardo M Airoldi,George Iosifidis
Edoardo M Airoldi,Yanick Charette
Edoardo M Airoldi,Leandros Tassiulas
Edoardo M Airoldi,David C. Parkes
Edoardo M Airoldi,Marcus Alexander
Edoardo M Airoldi,Nick Doudchenko
Edoardo M Airoldi,Abdul-Nasah Soale
Edoardo M Airoldi,Krishnaram Kenthapadi
Edoardo M Airoldi,xiaodong lin
Edoardo M Airoldi,Steven Thomas Smith
Edoardo M Airoldi,Shivkumar Vishnempet Shridhar
Edoardo M Airoldi,Adarsh Singh
Edoardo M Airoldi,Francesco Beghini
Edoardo M Airoldi,Ilana Brito
Edoardo M Airoldi,Drew Prinster
Edoardo M Airoldi,Niloy Biswas
Edoardo M Airoldi,Xu Zhang
Edoardo M Airoldi,Kenichiro McAlinn
Edoardo M Airoldi,Shonosuke Sugasawa
Edoardo M Airoldi,David Banks
Edoardo M Airoldi,Subodha Kumar
Edoardo M Airoldi,William Oles
Edoardo M Airoldi,Jun S Liu
Edoardo M Airoldi,Sinan Aral
Edoardo M Airoldi,Erik Brynjolfsson
Edoardo M Airoldi,navinkumar
Eric Xing,Li Fei-Fei
Li Fei-Fei,Andrej Karpathy
Eric Xing,Andre Martins
Eric Xing,Gunhee Kim
Gunhee Kim,YoungJae Yu
Gunhee Kim,Eric Xing
Gunhee Kim,Byeongchang Kim
Gunhee Kim,Yale Song
Gunhee Kim,Hyunwoo Kim
Gunhee Kim,Chris Dongjoo Kim
Gunhee Kim,Woojin Chung
Gunhee Kim,Junhyug Noh
Gunhee Kim,Heeseung Yun
Gunhee Kim,Soochan Lee
Gunhee Kim,Sangho Lee
Gunhee Kim,Youngjin Kim
Gunhee Kim,Jaekyeom Kim
Gunhee Kim,jongseok kim
Gunhee Kim,Yejin Choi
Gunhee Kim,Yunseok Jang
Gunhee Kim,Leonid Sigal
Gunhee Kim,Jaewoo Ahn
Gunhee Kim,Jongwook Choi
Gunhee Kim,Wonho Bae
Gunhee Kim,Jiwan Chung
Gunhee Kim,Ximing Lu
Gunhee Kim,Ronan Le Bras
Gunhee Kim,Yookoon Park
Gunhee Kim,Maarten Sap
Gunhee Kim,martial hebert
Gunhee Kim,Jack Hessel
Gunhee Kim,Junsoo Ha
Gunhee Kim,Christos Faloutsos
Gunhee Kim,Hwaran Lee
Gunhee Kim,Seokhee Hong
Gunhee Kim,"Kyung Don Yoo, MD, PhD"
Gunhee Kim,Jung Pyo Lee
Gunhee Kim,Myeongjang Pyeon
Gunhee Kim,Seohong Park
Gunhee Kim,Minjung Kim
Gunhee Kim,Li Fei-Fei
Gunhee Kim,Wonhee Lee
Gunhee Kim,Sangwoo Moon
Gunhee Kim,Minui Hong
Gunhee Kim,Juyong Kim
Gunhee Kim,Thomas Breuel
Gunhee Kim,Liwei Jiang
Gunhee Kim,Sangdoo Yun
Gunhee Kim,Joonil Na
Gunhee Kim,Taehyun Lee
Gunhee Kim,Jinseo Jeong
Gunhee Kim,Hajeong Lee
Gunhee Kim,Antonio Torralba
Gunhee Kim,Seungwhan Moon
Gunhee Kim,Takeo Kanade
Gunhee Kim,Taeyoung Hahn
Gunhee Kim,Sung Ju Hwang
Gunhee Kim,Hoeseong Kim
Gunhee Kim,Hao Zhang
Gunhee Kim,Joonsuk Park
Gunhee Kim,Dongsu Zhang
Gunhee Kim,Jinhwan Seo
Gunhee Kim,Prithviraj Ammanabrolu
Gunhee Kim,Jae Sung (James) Park
Gunhee Kim,Jaehyeon Son
Gunhee Kim,Sungjoo Yoo
Gunhee Kim,Sungroh Yoon
Gunhee Kim,Eunhyeok Park
Gunhee Kim,Yongdeok Kim
Gunhee Kim,Jinyoung Sung
Gunhee Kim,Sehun Lee
Gunhee Kim,Bernd Heisele
Gunhee Kim,Malihe Alikhani
Gunhee Kim,Jung-Woo Ha
Gunhee Kim,Takyoung Kim
Gunhee Kim,Jaemin Cho
Gunhee Kim,Gal Chechik
Gunhee Kim,Rowan Zellers
Gunhee Kim,Daniel Khashabi
Gunhee Kim,Kangil Lee
Gunhee Kim,Jan Kautz
Gunhee Kim,Sang-Hun Lee
Gunhee Kim,Xuhui Zhou
Gunhee Kim,Melanie Sclar
Gunhee Kim,Jamin Shin (Jay)
Gunhee Kim,Ilgee Hong
Gunhee Kim,Honglak Lee
Gunhee Kim,Pengtao Xie
Gunhee Kim,Zhiting Hu
Gunhee Kim,Qirong Ho
Gunhee Kim,Wei Dai
Gunhee Kim,Bo Xiong
Gunhee Kim,Yeda Song
Gunhee Kim,Ji-Hoon Kim
Gunhee Kim,Wonjoon Goo
Gunhee Kim,Jihwan Moon
Gunhee Kim,Junhyeog Yun
Gunhee Kim,Dayoon Ko
Gunhee Kim,Suk I. Yoo
Gunhee Kim,kang chulmoo
Gunhee Kim,Yo Joong Choe
Gunhee Kim,Junseo Koo
Gunhee Kim,Hanseul Jun
Gunhee Kim,Sangchul Park
Gunhee Kim,Alice Oh
Gunhee Kim,Jin-Hwa Kim
Gunhee Kim,Meeyoung Cha
Gunhee Kim,Bumsoo Kim
Gunhee Kim,Hyung Suk Lim
Gunhee Kim,Byung-Gon Chun
Gunhee Kim,Gyeong-In Yu
Gunhee Kim,Beomyeol Jeon
Gunhee Kim,Hojin Park
Gunhee Kim,Fatemeh Pesaran zadeh
Gunhee Kim,David Blei
Gunhee Kim,Doo Yong Lee
Gunhee Kim,Hyeonseong Jeon
Gunhee Kim,Seung Hwan Kim
Gunhee Kim,Hyouk Jang
Gunhee Kim,"Jiebo Luo, Fellow of ACM/AAAI/IEEE/NAI/AIMBE/IAPR/SPIE"
Gunhee Kim,Jason Corso
Gunhee Kim,Ruohan Gao
Gunhee Kim,Jacob Donley
Gunhee Kim,Vamsi Krishna Ithapu
Gunhee Kim,Chao Li
Gunhee Kim,Calvin Murdock
Gunhee Kim,Ishwarya Ananthabhotla
Gunhee Kim,Anurag Kumar
Gunhee Kim,Qimeng Zhang
Gunhee Kim,dongwook Lee
Gunhee Kim,Jaeyeon Kim
Gunhee Kim,Seokwon Song
Gunhee Kim,Juyeon Kim
Gunhee Kim,Aniruddha Kembhavi
Gunhee Kim,Kang-wook Kim
Gunhee Kim,Jinliang Wei
Gunhee Kim,Seil Na
Gunhee Kim,Dong-Hyun Lee
Gunhee Kim,Hanwang Zhang (张含望）
Gunhee Kim,Tao Mei
Eric Xing,William W. Cohen
William W. Cohen,Ruslan Salakhutdinov
William W. Cohen,Bhuwan Dhingra
William W. Cohen,Zhilin Yang
William W. Cohen,Ken Koedinger
William W. Cohen,Haym Hirsh
William W. Cohen,Haitian Sun
William W. Cohen,Vitor R. Carvalho
William W. Cohen,Noboru Matsuda
William W. Cohen,Einat Minkov
William W. Cohen,Stephen E Fienberg 1942-2016
William W. Cohen,Pradeep Ravikumar
William W. Cohen,Ni Lao
William W. Cohen,Richard Wang
William W. Cohen,Andrew O. Arnold
William W. Cohen,Ramnath Balasubramanyan
William W. Cohen,Wenhu Chen
William W. Cohen,Eric Xing
William W. Cohen,Robert F. Murphy
William W. Cohen,Nan Li
William W. Cohen,Ramesh Maruthi Nallapati
William W. Cohen,Tom Mitchell
William W. Cohen,Fan Yang
William W. Cohen,William Yang Wang
William W. Cohen,Frank Lin
William W. Cohen,Amr Ahmed
William W. Cohen,Pat Verga
William W. Cohen,Bhavana Dalvi Mishra
William W. Cohen,Chumki Basu
William W. Cohen,"Qiao Jin, MD"
William W. Cohen,Gabriel Stylianides
William W. Cohen,Sunita Sarawagi
William W. Cohen,Lise Getoor
William W. Cohen,Jay Pujara
William W. Cohen,"Xinghua Lu MD, PhD"
William W. Cohen,Manzil Zaheer
William W. Cohen,David Redlawsk
William W. Cohen,Rose Catherine Kanjirathinkal
William W. Cohen,Tania Bedrax Weiss
William W. Cohen,Matthew Hurst
William W. Cohen,Lee Jensen
William W. Cohen,Ming-Wei Chang
William W. Cohen,Hexiang (Frank) Hu
William W. Cohen,Julian Martin Eisenschlos
William W. Cohen,Livio Baldini Soares
William W. Cohen,Yoshua Bengio
William W. Cohen,Christopher D Manning
William W. Cohen,Jacob Eisenstein
William W. Cohen,Jamie Callan
William W. Cohen,Michiel de Jong
William W. Cohen,Jeremy R Cole
William W. Cohen,Tal Schuster
William W. Cohen,Donald Metzler
William W. Cohen,Ee-Peng Lim
William W. Cohen,Tae Yano
William W. Cohen,Lidong Bing
William W. Cohen,Robert Schapire
William W. Cohen,Partha Talukdar
William W. Cohen,Andrew McCallum
William W. Cohen,Craig Nevill-Manning
William W. Cohen,Carolyn Penstein Rose
William W. Cohen,Mahesh Joshi
William W. Cohen,ChengXiang Zhai
William W. Cohen,Raymond Mooney
William W. Cohen,Anthony Tomasic
William W. Cohen,Noah A. Smith
William W. Cohen,Alexander Borgida
William W. Cohen,Dana Alon
Eric Xing,Mario AT Figueiredo
Mario AT Figueiredo,José M. Bioucas Dias
Mario AT Figueiredo,Robert D Nowak
Mario AT Figueiredo,Anil K. Jain
Mario AT Figueiredo,Andre Martins
Mario AT Figueiredo,Pedro MQ Aguiar
Mario AT Figueiredo,Artur J. Ferreira
Mario AT Figueiredo,Manya Afonso
Mario AT Figueiredo,Jorge S. Marques
Mario AT Figueiredo,Manuele Bicego
Mario AT Figueiredo,Noah A. Smith
Mario AT Figueiredo,Ana LN Fred
Mario AT Figueiredo,Eric Xing
Mario AT Figueiredo,João Oliveira
Mario AT Figueiredo,Vittorio Murino
Mario AT Figueiredo,Jacinto C. Nascimento
Mario AT Figueiredo,Afonso Teodoro
Mario AT Figueiredo,Stephen Wright
Mario AT Figueiredo,Xiangrong Zeng
Mario AT Figueiredo,HongJiang Zhang (张宏江）
Mario AT Figueiredo,Alexander J. Hartemink
Mario AT Figueiredo,Balaji Krishnapuram
Mario AT Figueiredo,Lawrence Carin
Mario AT Figueiredo,Pedro G Bizarro
Mario AT Figueiredo,Pedro Saleiro
Mario AT Figueiredo,Marta B Lopes
Mario AT Figueiredo,Mariana SC Almeida
Mario AT Figueiredo,Marcello Pelillo
Mario AT Figueiredo,David Pereira Coutinho
Mario AT Figueiredo,Tom Goldstein
Mario AT Figueiredo,Zheng Xu
Mario AT Figueiredo,Arlindo L Oliveira
Mario AT Figueiredo,"Nikolaos Papanikolaou, Ph.D."
Mario AT Figueiredo,João Santinha
Mario AT Figueiredo,André Lourenço
Mario AT Figueiredo,Samuel Rota Bulò
Mario AT Figueiredo,Sandra Vilas Boas Jardim
Mario AT Figueiredo,Yi Ma (马毅)
Mario AT Figueiredo,Michael Elad
Mario AT Figueiredo,Josiane Zerubia
Mario AT Figueiredo,Michael Rabbat
Mario AT Figueiredo,Milad Niknejad
Mario AT Figueiredo,Marina Ljubenovic
Mario AT Figueiredo,António Farinhas
Mario AT Figueiredo,Christoph Studer
Mario AT Figueiredo,David P. Williams
Mario AT Figueiredo,Diogo Leitão
Mario AT Figueiredo,Xiaoming Yuan
Mario AT Figueiredo,André F. Cruz
Mario AT Figueiredo,Tiago Domingos
Mario AT Figueiredo,Lina Zhuang (庄丽娜）
Mario AT Figueiredo,Joao Xavier
Mario AT Figueiredo,Łukasz Struski
Mario AT Figueiredo,Marek Śmieja
Mario AT Figueiredo,Ivan Selesnick
Mario AT Figueiredo,Matteo Denitto
Mario AT Figueiredo,Alessandro Farinelli
Mario AT Figueiredo,Gavin Taylor
Mario AT Figueiredo,Richard Baraniuk
Mario AT Figueiredo,Catarina Barata
Mario AT Figueiredo,Umberto Castellani
Mario AT Figueiredo,Dejiao Zhang
Mario AT Figueiredo,Laura Balzano
Mario AT Figueiredo,Lascialfari Alessandro
Mario AT Figueiredo,Ricardo FM Teixeira
Mario AT Figueiredo,Tiago G. Morais
Mario AT Figueiredo,João Bento Sousa
Mario AT Figueiredo,Dong Seon Cheng
Mario AT Figueiredo,Chia-Hsiang Lin (林家祥)
Mario AT Figueiredo,Vlad Niculae
Mario AT Figueiredo,Marcos Vinicius Treviso
Mario AT Figueiredo,Helena Aidos
Mario AT Figueiredo,Amirhossein Javaheri
Mario AT Figueiredo,Hadi zayyani
Mario AT Figueiredo,farokh marvasti
Mario AT Figueiredo,"M. Emre Celebi, SPIE Fellow"
Mario AT Figueiredo,José Pombal
Mario AT Figueiredo,Hugo Plácido da Silva
Mario AT Figueiredo,Hugo Gamboa
Mario AT Figueiredo,Kevin Gimpel
Mario AT Figueiredo,Edwin Hancock
Mario AT Figueiredo,Marcelo Pereyra
Mario AT Figueiredo,João Pedro Araújo
Mario AT Figueiredo,Miguel Ayala Botto
Mario AT Figueiredo,Sérgio Jesus
Mario AT Figueiredo,Jean V. Alves
Mario AT Figueiredo,Alessandro Perina
Mario AT Figueiredo,Haozhu Wang
Mario AT Figueiredo,Pedro Henriques Abreu
Mario AT Figueiredo,Ricardo Cardoso Pereira
Mario AT Figueiredo,Pedro Pereira Rodrigues
Mario AT Figueiredo,Aydın Ulaş
Mario AT Figueiredo,Soham De
Mario AT Figueiredo,Pedro Tomás
Mario AT Figueiredo,Alfred Hero
Mario AT Figueiredo,João M. Lemos
Mario AT Figueiredo,Maria De Marsico
Mario AT Figueiredo,André FC Gomes
Mario AT Figueiredo,Miguel Monteiro
Mario AT Figueiredo,Mateusz Juda
Mario AT Figueiredo,Margarida M. Campos
Mario AT Figueiredo,Quirina Ferreira
Mario AT Figueiredo,Luis Alcacer
Mario AT Figueiredo,Ana M. Bragança
Mario AT Figueiredo,joel paulo
Mario AT Figueiredo,António JS Teixeira
Mario AT Figueiredo,João Freitas
Mario AT Figueiredo,Gonçalo Faria
Mario AT Figueiredo,Miguel Sales Dias
Mario AT Figueiredo,Pedro Leal Varela
Mario AT Figueiredo,Guilherme GP Freitas Pires
Mario AT Figueiredo,Sara C. Madeira
Mario AT Figueiredo,André V. Carreiro
Mario AT Figueiredo,Rick Chartrand
Mario AT Figueiredo,Nuno Fachada
Mario AT Figueiredo,Vitor V. Lopes
Mario AT Figueiredo,Agostinho C da Rosa
Mario AT Figueiredo,Chrysoula Zerva
Mario AT Figueiredo,João F. Bravo
Mario AT Figueiredo,Jacopo Bono
Mario AT Figueiredo,Javier Liébana
Mario AT Figueiredo,João S. Carvalho
Mario AT Figueiredo,Yasna Forghani
Mario AT Figueiredo,Joshin P. Krishnan
Mario AT Figueiredo,André Jalobeanu
Mario AT Figueiredo,Maks Ovsjanikov
Mario AT Figueiredo,Simone Melzi
Mario AT Figueiredo,Yanir Kleiman
Mario AT Figueiredo,Mathieu Blondel
Mario AT Figueiredo,Dongxiao Zhu
Mario AT Figueiredo,Carlos Silvestre
Mario AT Figueiredo,Rita Cunha
Mario AT Figueiredo,Kostas Marias
Mario AT Figueiredo,Leonardo Vanneschi
Mario AT Figueiredo,Nuno Figueiredo
Mario AT Figueiredo,Sérgio Pequito
Mario AT Figueiredo,Telmo Pessoa Pires
Mario AT Figueiredo,Afonso Sénica
Mario AT Figueiredo,Peter J. Schüffler
Mario AT Figueiredo,Nuno Gracias
Mario AT Figueiredo,Andrew C. Singer
Mario AT Figueiredo,Meir Feder
Mario AT Figueiredo,Chin-Hui Lee
Mario AT Figueiredo,Bin YU
Mario AT Figueiredo,Julian Katz-Samuels
Mario AT Figueiredo,Antonio Plaza
Mario AT Figueiredo,Pedro Latorre Carmona (ORCID:0000-0001-6984-5173) IEEE Senior Member. ACM Member
Mario AT Figueiredo,Guillermo Peris Fajarnes
Mario AT Figueiredo,Cecilia Calado
Mario AT Figueiredo,Barbara Jereczek
Mario AT Figueiredo,Pedro A. Santos
Mario AT Figueiredo,Sophia Sklaviadis
Mario AT Figueiredo,Miguel Barão
Mario AT Figueiredo,Ricardo Ribeiro
Mario AT Figueiredo,Jean-Yves Tourneret
Mario AT Figueiredo,Oumaima El Mansouri
Mario AT Figueiredo,Adrian Basarab
Mario AT Figueiredo,Miguel Bergano
Mario AT Figueiredo,Tiago Marques
Mario AT Figueiredo,Volkan Cevher
Mario AT Figueiredo,Vassilis Koutoulidis
Mario AT Figueiredo,Lia Angela Moulopoulos
Mario AT Figueiredo,Eunice Carrasquinha
Mario AT Figueiredo,Matilde Tristany Farinha
Mario AT Figueiredo,jun li
Mario AT Figueiredo,Carole Sudre
Mario AT Figueiredo,Thomas Varsavsky
Mario AT Figueiredo,M. Jorge Cardoso
Mario AT Figueiredo,Morgado-Dias
Mario AT Figueiredo,Fábio Mendonça
Mario AT Figueiredo,Sheikh Shanawaz Mostafa
Mario AT Figueiredo,Antonio G. Ravelo García
Mario AT Figueiredo,Pedro U. Lima
Mario AT Figueiredo,"Fatima Cardoso, MD, MSc, FESMO"
Mario AT Figueiredo,Rafaela Timóteo
Mario AT Figueiredo,Tiago A. Marques
Mario AT Figueiredo,Ana Portêlo
Mario AT Figueiredo,Carl Olsson
Mario AT Figueiredo,joão oliveira
Mario AT Figueiredo,Nikolaos Papanikolaou
Mario AT Figueiredo,Marco OP Sampaio
Mario AT Figueiredo,Tiago Miguel Marques
Mario AT Figueiredo,João Bravo
Mario AT Figueiredo,Sweta Agrawal
Eric Xing,Pedro MQ Aguiar
Pedro MQ Aguiar,Mario AT Figueiredo
Pedro MQ Aguiar,Andre Martins
Pedro MQ Aguiar,Joao Xavier
Pedro MQ Aguiar,João Mota
Pedro MQ Aguiar,Markus Püschel
Pedro MQ Aguiar,Noah A. Smith
Pedro MQ Aguiar,Jose MF Moura
Pedro MQ Aguiar,Eric Xing
Pedro MQ Aguiar,Cristina Videira Lopes
Pedro MQ Aguiar,Vittorio Murino
Pedro MQ Aguiar,Manuele Bicego
Pedro MQ Aguiar,José Jerónimo Moreira Rodrigues
Pedro MQ Aguiar,Alessio Del Bue
Pedro MQ Aguiar,João Fayad
Pedro MQ Aguiar,Renato Negrinho
Pedro MQ Aguiar,Raja Jurdak
Pedro MQ Aguiar,Pierre Baldi
Pedro MQ Aguiar,Bernardo Rodrigues Pires
Pedro MQ Aguiar,Lourdes Agapito
Pedro MQ Aguiar,Kevin Gimpel
Pedro MQ Aguiar,Takeo Kanade
Pedro MQ Aguiar,Alessandro Perina
Pedro MQ Aguiar,Umberto Castellani
Pedro MQ Aguiar,Pedro Leal Varela
Pedro MQ Aguiar,Margarida Silveira
Pedro MQ Aguiar,José M. Bioucas Dias
Eric Xing,Chong Wang
Chong Wang,David Blei
Chong Wang,John Paisley
Chong Wang,Weihao Gao
Chong Wang,Eric Xing
Chong Wang,Xing Xie 谢幸
Chong Wang,Wei-Ying Ma
Chong Wang,Lihong Li (李力鸿)
Chong Wang,Jordan Boyd-Graber
Chong Wang,Aonan Zhang
Chong Wang,Li Fei-Fei
Chong Wang,Denny Zhou
Chong Wang,Willie Neiswanger
Chong Wang,Xin Yang
Chong Wang,Jonathan Chang
Chong Wang,Sean Gerrish
Chong Wang,Li Deng
Chong Wang,Zhenyao Zhu
Chong Wang,Dani Yogatama
Chong Wang,Alex Smola
Chong Wang,Jianfeng Gao
Chong Wang,Patrick Baudisch
Chong Wang,Tian Lin
Chong Wang,Li-Jia Li
Chong Wang,Sewoong Oh
Chong Wang,Awni Hannun
Chong Wang,Katherine Heller
Chong Wang,Sinead Williamson
Chong Wang,Li Zhisheng
Chong Wang,Jiayuan Mao
Chong Wang,Michael I. Jordan
Chong Wang,David Heckerman
Chong Wang,Po-Sen Huang
Chong Wang,JUN ZHAN
Chong Wang,Jing Jiang
Chong Wang,Adji Bousso Dieng
Chong Wang,Rui CAI
Chong Wang,Lei Zhang
Chong Wang,Xi Chen
Chong Wang,Christian Yongwhan Lim
Chong Wang,Rajesh Ranganath
Chong Wang,Jason Weston
Chong Wang,Ron J Weiss
Chong Wang,Christopher Meek
Chong Wang,Abdelrahman Mohamed
Chong Wang,Yining Wang
Chong Wang,Noah A. Smith
Chong Wang,Bryan Routledge
Chong Wang,Prem Gopalan
Chong Wang,Khalid El-Arini
Chong Wang,Yisong Yue
Chong Wang,Qirong Ho
Chong Wang,Jiang-Ming Yang
Chong Wang,Matthew D. Hoffman
Eric Xing,Sinead Williamson
Sinead Williamson,Kumar Avinava Dubey
Sinead Williamson,David Blei
Sinead Williamson,Chong Wang
Sinead Williamson,Zoubin Ghahramani
Sinead Williamson,Ahmed Hefny
Sinead Williamson,Jordan Boyd-Graber
Eric Xing,Brendan T. O'Connor
Brendan T. O'Connor,Noah A. Smith
Brendan T. O'Connor,Jacob Eisenstein
Brendan T. O'Connor,David Bamman
Brendan T. O'Connor,Su Lin Blodgett
Brendan T. O'Connor,Kevin Gimpel
Brendan T. O'Connor,Chris Dyer
Brendan T. O'Connor,Nathan Schneider
Brendan T. O'Connor,Eric Xing
Brendan T. O'Connor,Bryan Routledge
Brendan T. O'Connor,Michael Heilman
Brendan T. O'Connor,Katherine A. Keith
Brendan T. O'Connor,Dani Yogatama
Brendan T. O'Connor,Abram Kaufman Handler
Brendan T. O'Connor,Jeffrey Flanigan
Brendan T. O'Connor,Dipanjan Das
Brendan T. O'Connor,Ramnath Balasubramanyan
Brendan T. O'Connor,Dan Jurafsky
Brendan T. O'Connor,Rion Snow
Brendan T. O'Connor,Andrew Ng
Brendan T. O'Connor,Tobi Owoputi
Brendan T. O'Connor,Johnny Tian-Zheng Wei
Brendan T. O'Connor,Hanna Wallach
Brendan T. O'Connor,W. Bruce Croft
Brendan T. O'Connor,Mohit Iyyer
Brendan T. O'Connor,Todd Davies
Brendan T. O'Connor,Tessa Masis
Brendan T. O'Connor,Khanh Nguyen
Brendan T. O'Connor,David Jensen
Brendan T. O'Connor,Dick Crouch
Brendan T. O'Connor,Franco Salvetti
Brendan T. O'Connor,Ethan Zuckerman
Brendan T. O'Connor,Brandon M. Stewart
Brendan T. O'Connor,Matthew J. Denny
Brendan T. O'Connor,Jack Merullo
Brendan T. O'Connor,Luke Yeh
Brendan T. O'Connor,Brian Dillon
Brendan T. O'Connor,James Allan
Brendan T. O'Connor,John Foley
Brendan T. O'Connor,Kevin L Young
Brendan T. O'Connor,Seth K. Goldman
Brendan T. O'Connor,Dawen Liang
Brendan T. O'Connor,Manaal Faruqui
Brendan T. O'Connor,Jason Baldridge
Brendan T. O'Connor,Naomi Saphra
Brendan T. O'Connor,Andrew Halterman
Brendan T. O'Connor,Sheikh Muhammad Sarwar
Brendan T. O'Connor,Mohammad Omar Khursheed
Brendan T. O'Connor,Hannah Lerner
Brendan T. O'Connor,Alvin Grissom II
Brendan T. O'Connor,Erica Cai
Brendan T. O'Connor,Alan Ritter
Brendan T. O'Connor,Benjamin Strauss
Brendan T. O'Connor,Alexander Konovalov
Brendan T. O'Connor,Qingyao Ai
Brendan T. O'Connor,Chloe Eggleston
Brendan T. O'Connor,Dirk Hovy
Brendan T. O'Connor,Svitlana Volkova
Brendan T. O'Connor,David Jurgens
Brendan T. O'Connor,Gerome Miklau
Brendan T. O'Connor,Dan Zhang
Brendan T. O'Connor,Douglas Rice
Brendan T. O'Connor,Sam Thomson
Brendan T. O'Connor,Jesse Dodge
Brendan T. O'Connor,Swabha Swayamdipta
Brendan T. O'Connor,Lakshmi Nair Vikraman
Brendan T. O'Connor,Arun Dunna
Brendan T. O'Connor,Rishab Nithyanand
Brendan T. O'Connor,Narseo Vallina-Rodriguez (Ramon y Cajal Fellow)
Brendan T. O'Connor,Taylor Jones
Brendan T. O'Connor,Meghan E. Armstrong
Brendan T. O'Connor,Edgar Meij
Brendan T. O'Connor,Christoph Teichmann
Brendan T. O'Connor,Narges Mahyar
Brendan T. O'Connor,Marzena Karpinska
Brendan T. O'Connor,Wenlong Zhao
Brendan T. O'Connor,Kalpesh Krishna
Brendan T. O'Connor,Shahrzad Naseri
Brendan T. O'Connor,Khiem Pham
Brendan T. O'Connor,Michael A. Madaio
Brendan T. O'Connor,Qian Yang
Brendan T. O'Connor,A.Seza Doğruöz
Brendan T. O'Connor,Oren Tsur
Brendan T. O'Connor,Mohamed AlTantawy
Brendan T. O'Connor,Justin H. Gross
Brendan T. O'Connor,Joe Pater
Brendan T. O'Connor,Gaja Jarosz
Brendan T. O'Connor,Marisa Hudspeth
Brendan T. O'Connor,Hal Daumé III
Brendan T. O'Connor,Ani Nenkova
Brendan T. O'Connor,Alice Oh
Brendan T. O'Connor,Anissa Neal
Brendan T. O'Connor,Laure Thompson
Brendan T. O'Connor,Naomi Saphra
Brendan T. O'Connor,Daniel Cohen
Brendan T. O'Connor,Ankita Gupta
Eric Xing,Steve Hanneke
Eric Xing,Xi Chen
Xi Chen,Qihang Lin
Xi Chen,Yuan Zhou
Xi Chen,Yining Wang
Xi Chen,Yichen Zhang
Xi Chen,Eric Xing
Xi Chen,David Simchi-Levi
Xi Chen,Denny Zhou
Xi Chen,Michael I. Jordan
Xi Chen,Xin T. Tong
Xi Chen,Jeff Schneider
Xi Chen,Tianyi Lin
Xi Chen,Han Liu
Xi Chen,Xiaojun Mao
Xi Chen,Javier Peña
Xi Chen,Jason D. Lee
Xi Chen,Tzu-Kuo Huang
Xi Chen,Seyoung Kim
Xi Chen,Jieming Mao
Xi Chen,Rui Gao
Xi Chen,He Li
Xi Chen,Eric Horvitz
Xi Chen,Paul N. Bennett
Xi Chen,Kevyn Collins-Thompson
Xi Chen,Zishuo Zhao
Xi Chen,Yiwei Dou
Xi Chen,baruch lev
Xi Chen,Tony (Yang Ha) Cho
Xi Chen,Jian Li
Xi Chen,Marco Cuturi
Xi Chen,Nhat Ho
Xi Chen,Jose Blanchet
Xi Chen,Ilai Bistritz
Xi Chen,Zhengyuan Zhou
Xi Chen,Shuzhong Zhang
Xi Chen,Sentao Miao
Xi Chen,James T. Kwok
Xi Chen,Weike Pan
Xi Chen,Jiawei Zhang
Xi Chen,Clark Pixton
Xi Chen,Chong Wang
Xi Chen,Alex Smola
Xi Chen,Yu-Xiang Wang
Xi Chen,Yanjun Qi
Xi Chen,Yuanzhi Li
Xi Chen,Linwei Xin
Xi Chen,Will Ma
Xi Chen,Jon Schneider
Xi Chen,Sivakanth Gopi
Xi Chen,Dongdong Ge
Xi Chen,Yunxiao Chen
Xi Chen,Elynn Chen
Xi Chen,Simon Shaolei Du
Xi Chen,Mengqian Zhang
Xi Chen,Zizhuo Wang
Xi Chen,Charalampos Stasinakis
Xi Chen,Georgios Sermpinis
Xi Chen,Xiaotong Sun
Xi Chen,Bodhisattva Sen
Xi Chen,Xiaoou Li
Xi Chen,Wei Biao Wu
Xi Chen,Wanrong Zhu
Xi Chen,Akshay Krishnamurthy
Xi Chen,Zehua Lai
Xi Chen,Sen Yang
Xi Chen,Fan Zhang
Xi Chen,Xiangyu Chang
Xi Chen,Xiuli Chao
Xi Chen,Yidong Zhang
Xi Chen,Jiaxi Liu
Xi Chen,Ivan Fernandez-Val
Xi Chen,Wenbo Jing
Xi Chen,Wenxin Zhou
Xi Chen,Larry Wasserman
Xi Chen,Yun Yang
Xi Chen,Zhixuan Fang
Xi Chen,Tengyu MA
Xi Chen,Yan Liu
Xi Chen,Jianjun Gao
Xi Chen,Victor Chernozhukov
Xi Chen,Christopher Thomas Ryan
Xi Chen,zhiliang ying
Xi Chen,Jingchen Liu
Xi Chen,Yingkai Li
Xi Chen,Chuheng Zhang
Xi Chen,Jiecao Chen
Xi Chen,Qin Zhang
Xi Chen,Hoang Anh Just
Xi Chen,Yanjun Han
Xi Chen,Jingrui He
Xi Chen,Kevin Jiao
Xi Chen,Xuan Zhang
Xi Chen,Qingming Huang
Xi Chen,Jiechao Xiong
Xi Chen,Yuan YAO
Xi Chen,Adam Khakhar
Xi Chen,Adityanand Guntuboyina
Xi Chen,Xing Chunxiao
Xi Chen,Feng Zhu
Xi Chen,Guanglin Xu
Xi Chen,Artur Dubrawski
Xi Chen,Yichong Xu
Xi Chen,Aarti Singh
Xi Chen,Ruoxi Jia
Xi Chen,xuefeng zhang
Xi Chen,Xiaotie Deng
Xi Chen,Yuhao Li
Xi Chen,Jichen Li
Xi Chen,Ethan X. Fang
Xi Chen,Junwei Lu
Xi Chen,Qian Qi
Xi Chen,Haochen Zhang (张浩辰)
Xi Chen,Lin F. Yang (杨林)
Xi Chen,Xuechao Wang
Xi Chen,Zifeng Zhao
Xi Chen,Feiyu Jiang
Xi Chen,Yuxuan Lu
Xi Chen,Shuting Shen
Xi Chen,Martin Spindler
Xi Chen,Ye Luo
Xi Chen,Yang Ning
Xi Chen,Yong Chen
Xi Chen,Wotao Yin
Xi Chen,Peter L. Chen
Xi Chen,Mladen Kolar
Xi Chen,Yuchen Zhang
Xi Chen,Peter Bartlett
Xi Chen,Yasin Abbasi Yadkori
Xi Chen,Alan Malek
Xi Chen,Qiang LIU
Xi Chen,Peng Sun
Xi Chen,Melvyn Sim
Eric Xing,Christos Faloutsos
Christos Faloutsos,Jure Leskovec
Christos Faloutsos,Hanghang Tong
Christos Faloutsos,Michalis Faloutsos
Christos Faloutsos,Evangelos E. Papalexakis
Christos Faloutsos,Leman Akoglu
Christos Faloutsos,Agma JM Traina
Christos Faloutsos,U Kang
Christos Faloutsos,Duen Horng Chau
Christos Faloutsos,Nikolaos Sidiropoulos
Christos Faloutsos,Jia-Yu Pan
Christos Faloutsos,Jimeng Sun
Christos Faloutsos,Tina Eliassi-Rad
Christos Faloutsos,Timos Sellis
Christos Faloutsos,Ibrahim Kamel
Christos Faloutsos,Philip S. Yu
Christos Faloutsos,Charalampos E. Tsourakakis
Christos Faloutsos,Brian Gallagher
Christos Faloutsos,Yannis Manolopoulos
Christos Faloutsos,Jason Hong
Christos Faloutsos,Erik Riedel
Christos Faloutsos,Garth Alan Gibson
Christos Faloutsos,Andreas Krause
Christos Faloutsos,Anastasia Ailamaki
Christos Faloutsos,Gabriel Taubin
Christos Faloutsos,Pinar Duygulu Sahin
Christos Faloutsos,Andrew Tomkins
Christos Faloutsos,David Doermann
Christos Faloutsos,Georgos Siganos
Christos Faloutsos,David Nagle
Christos Faloutsos,Aniket Kittur
Christos Faloutsos,Antonio Loureiro
Christos Faloutsos,Ashwin Sridharan
Christos Faloutsos,Yufei Tao （陶宇飞）
Christos Faloutsos,Douglas W. Oard
Christos Faloutsos,Bongki Moon
Christos Faloutsos,Joel Saltz
Christos Faloutsos,Alberto Belussi
Christos Faloutsos,James McCann
Christos Faloutsos,Alexandros Labrinidis
Christos Faloutsos,Terry R. Payne
Christos Faloutsos,Zoubin Ghahramani
Christos Faloutsos,Yannis Kotidis
Christos Faloutsos,Gunhee Kim
Christos Faloutsos,Elaine PM de Sousa
Christos Faloutsos,Christian Böhm
Christos Faloutsos,Jialie Shen
Christos Faloutsos,martial hebert
Christos Faloutsos,Yehuda Koren
Christos Faloutsos,Bin Liu
Christos Faloutsos,Ken Sevcik
Christos Faloutsos,Peter Triantafillou
Eric Xing,Ning Chen
Ning Chen,Jun Zhu
Ning Chen,Jianfei Chen
Eric Xing,Qihang Lin
Qihang Lin,Tianbao Yang
Qihang Lin,Xi Chen
Qihang Lin,Lin Xiao
Qihang Lin,Javier Peña
Qihang Lin,Denny Zhou
Eric Xing,Alex Smola
Alex Smola,Bernhard Schölkopf
Alex Smola,Arthur Gretton
Alex Smola,Klaus-Robert Müller
Alex Smola,Robert C. Williamson
Alex Smola,SVN Vishwanathan
Alex Smola,Mu Li
Alex Smola,Karsten Borgwardt
Alex Smola,Amr Ahmed
Alex Smola,Le Song
Alex Smola,Peter Bartlett
Alex Smola,Gunnar Rätsch
Alex Smola,Quoc V. Le
Alex Smola,vapnik
Alex Smola,John Shawe-Taylor
Alex Smola,Sebastian Mika
Alex Smola,Jonas Mueller
Alex Smola,Manzil Zaheer
Alex Smola,Alexandros Karatzoglou
Alex Smola,Choon Hui Teo
Alex Smola,Malte J Rasch
Alex Smola,Barnabas Poczos
Alex Smola,Zichao Yang
Alex Smola,Ralf Herbrich
Alex Smola,Chao-Yuan Wu
Alex Smola,John C. Platt
Alex Smola,Zachary C. Lipton
Alex Smola,Sashank J. Reddi
Alex Smola,Cheng Soon Ong
Alex Smola,R. Manmatha
Alex Smola,Yu-Xiang Wang
Alex Smola,Suvrit Sra
Alex Smola,Hang Zhang (张航)
Alex Smola,John Langford
Alex Smola,Xiaodong He
Alex Smola,Hans-Peter Kriegel
Alex Smola,Yi Zhu
Alex Smola,Vanja Josifovski
Alex Smola,Nick Erickson
Alex Smola,Olivier Bousquet
Alex Smola,Markus Weimer
Alex Smola,Rasool Fakoor
Alex Smola,Kenji Fukumizu
Alex Smola,Thomas Hofmann
Alex Smola,David G. Andersen
Alex Smola,Diyi Yang
Alex Smola,Stéphane Canu
Alex Smola,Shravan Matthur Narayanamurthy
Alex Smola,Jason Weston
Alex Smola,Tiberio Caetano
Alex Smola,Chris Dyer
Alex Smola,Alex Beutel
Alex Smola,Professor Javen Qinfeng Shi
Alex Smola,Thomas Gärtner
Alex Smola,Li Deng
Alex Smola,Jianfeng Gao
Alex Smola,Tong He
Alex Smola,Zhi Zhang
Alex Smola,Adam Kowalczyk
Alex Smola,Novi Quadrianto
Alex Smola,Eric Xing
Alex Smola,Anirban Dasgupta
Alex Smola,Kilian Weinberger
Alex Smola,Ruslan Salakhutdinov
Alex Smola,Satwik Kottur
Alex Smola,James Petterson
Alex Smola,Jyrki Kivinen
Alex Smola,Yasemin Altun
Alex Smola,Hsiao-Yu (Fish) Tung
Alex Smola,Bo Long
Alex Smola,Seth Flaxman
Alex Smola,Tamás Sarlós
Alex Smola,Justin Bedo
Alex Smola,Lihong Li (李力鸿)
Alex Smola,Li Cheng
Alex Smola,Philipp Krähenbühl
Alex Smola,Matthias Scholz
Alex Smola,Nello Cristianini
Alex Smola,Shuang Yang
Alex Smola,Hongyuan Zha
Alex Smola,Nando de Freitas
Alex Smola,Andrew Gordon Wilson
Alex Smola,Liangjie Hong (洪亮劼)
Alex Smola,Julian McAuley
Alex Smola,Risi Kondor
Alex Smola,Sujith Ravi
Alex Smola,Chiranjib Bhattacharyya
Alex Smola,Kostas Tsioutsiouliklis
Alex Smola,Gideon Dror
Alex Smola,Peter Flach
Alex Smola,Ben Taskar
Alex Smola,Pannaga Shivaswamy
Alex Smola,Leon Bottou
Alex Smola,Rene Vidal
Alex Smola,Olivier Chapelle
Alex Smola,Patrice Simard
Alex Smola,Gaëlle Loosli
Alex Smola,Noboru Murata
Alex Smola,Olvi Mangasarian
Alex Smola,Narasimha Murty M/ MN Murty/MN Narasimha Murthy
Alex Smola,Dale Schuurmans
Eric Xing,Li-Jia Li
Li-Jia Li,Yannis Kalantidis
Li-Jia Li,Chong Wang
Li-Jia Li,Armand Joulin
Li-Jia Li,Jun Zhu
Li-Jia Li,David Blei
Li-Jia Li,Philip S. Yu
Li-Jia Li,Juan Carlos Niebles
Eric Xing,Alex Hauptmann
Alex Hauptmann,Yi Yang
Alex Hauptmann,Xiaojun Chang
Alex Hauptmann,Lu Jiang
Alex Hauptmann,Rong Yan
Alex Hauptmann,Michael Christel
Alex Hauptmann,Wei-Hao Lin
Alex Hauptmann,Rong Jin
Alex Hauptmann,Zhenzhong Lan
Alex Hauptmann,Shoou-I Yu
Alex Hauptmann,Xiao Wu
Alex Hauptmann,Feiping Nie
Alex Hauptmann,Shih-Fu Chang
Alex Hauptmann,John R. Smith
Alex Hauptmann,Alexander Rudnicky
Alex Hauptmann,Yihong Gong
Alex Hauptmann,Bhiksha Raj
Alex Hauptmann,Yang Cai
Alex Hauptmann,Jie Yang
Alex Hauptmann,Yu-Gang Jiang
Alex Hauptmann,"Shuicheng Yan, Fellow of AAAI, ACM, SAEng, IEEE, IAPR"
Alex Hauptmann,Pinar Duygulu Sahin
Alex Hauptmann,Yanjun Qi
Alex Hauptmann,Cees GM Snoek
Alex Hauptmann,Longfei Zhang
Alex Hauptmann,Yiming Yang
Alex Hauptmann,Ehsan Younessian
Alex Hauptmann,Yan Liu
Alex Hauptmann,Nozha Boujemaa
Alex Hauptmann,Alexander Waibel
Alex Hauptmann,Lin Chase
Alex Hauptmann,Wei Liu
Alex Hauptmann,ChengXiang Zhai
Alex Hauptmann,Shourabh Rawat
Alex Hauptmann,marcel worring
Alex Hauptmann,Winston Hsu
Alex Hauptmann,Fei Wu
Alex Hauptmann,Chaoyi Pang
Alex Hauptmann,Richard M. Stern
Alex Hauptmann,Dipanjan Das
Alex Hauptmann,Theresa A. Wilson
Alex Hauptmann,Janyce Wiebe
Alex Hauptmann,Rahul Sukthankar
Alex Hauptmann,Luo Si
Alex Hauptmann,Zhigang Ma
Alex Hauptmann,Gerald Friedland
Alex Hauptmann,Guang Xiang
Alex Hauptmann,Subhabrata Bhattacharya
Eric Xing,Kriti Puniyani
Kriti Puniyani,Soumen Chakrabarti
Kriti Puniyani,Jacob Eisenstein
Kriti Puniyani,Shay Cohen
Kriti Puniyani,Christos Faloutsos
Kriti Puniyani,Sivaraman Balakrishnan
Kriti Puniyani,Sean (Seunghak) Lee
Eric Xing,Hao Su
Hao Su,Leonidas Guibas
Hao Su,Li Fei-Fei
Hao Su,Li Yi
Hao Su,Jia Deng
Hao Su,Charles Ruizhongtai Qi
Hao Su,Aditya Khosla
Hao Su,Sanjeev Satheesh
Hao Su,Kaichun Mo
Hao Su,Alexander C Berg
Hao Su,Jonathan Krause
Hao Su,Olga Russakovsky
Hao Su,Michael S. Bernstein
Hao Su,Angel Chang
Hao Su,Qixing Huang
Hao Su,Manolis Savva
Hao Su,Silvio Savarese
Hao Su,Fisher Yu
Hao Su,Andrej Karpathy
Hao Su,Thomas Funkhouser
Hao Su,Yangyan Li
Hao Su,Patrick Hanrahan
Hao Su,Shuran Song
Hao Su,Li-Jia Li
Hao Su,Vladimir G. Kim
Hao Su,Daniel Cohen-Or
Hao Su,Niloy J. Mitra
Hao Su,cewu lu
Hao Su,Wei Liu
Hao Su,Eric Xing
Hao Su,Matthias Nießner
Hao Su,Angela Dai
Hao Su,Roozbeh Mottaghi
Hao Su,Duygu Ceylan
Hao Su,I-Chao Shen
Hao Su,Alla Sheffer
Hao Su,Xiang Bai
Hao Su,"Bo Li, 李波"
Hao Su,Zhouhui Lian
Hao Su,Song Bai - 柏松
Hao Su,Masaki Aono
Hao Su,Christian Yongwhan Lim
Hao Su,Min Sun
Hao Su,Minhyuk Sung
Hao Su,Evangelos Kalogerakis
Hao Su,Xianglong Liu (刘祥龙）
Hao Su,Jingwei Huang
Hao Su,Shubham Tulsiani
Hao Su,Alexei A. Efros
Hao Su,Yu Xiang
Hao Su,Chris Choy
Hao Su,Jingwei Ji
Hao Su,Soren Pirk
Hao Su,zhiheng huang
Hao Su,Zhenhua Wang
Hao Su,Wenzheng Chen
Hao Su,Dani Lischinski
Hao Su,Yue DONG
Hao Su,Subhransu Maji
Hao Su,Erik Learned-Miller
Hao Su,Hang Su
Hao Su,Fan Wang
Hao Su,Siddhartha Chaudhuri
Hao Su,Jun Zhu
Hao Su,Nikos Mamoulis
Hao Su,Kai Li
Hao Su,Wei Yu
Hao Su,F. Richard Yu
Hao Su,Chen Chen
Hao Su,Kun Yang
Hao Su,Zhen Li
Hao Su,Juan Shi
Hao Su,Dacheng Tao
Hao Su,Cheng Deng （邓成）
Hao Su,Yu-Chiang Frank Wang
Hao Su,Jie Wu
Hao Su,Hui Huang
Hao Su,Eric CK Cheng
Hao Su,Min Liu
Hao Su,Kai Xu
Hao Su,Aaron Hertzmann
Hao Su,Yishay Mansour
Hao Su,Lin Shao
Hao Su,Tomer Koren
Hao Su,Tuanfeng Y. Wang
Hao Su,Chi Keung Tang
Hao Su,Roi Livni
Hao Su,Kun Yang
Eric Xing,Robert F. Murphy
Eric Xing,Ramesh Maruthi Nallapati
Ramesh Maruthi Nallapati,Bing Xiang
Ramesh Maruthi Nallapati,Bowen Zhou
Ramesh Maruthi Nallapati,Christopher D Manning
Ramesh Maruthi Nallapati,Andrew O. Arnold
Ramesh Maruthi Nallapati,William W. Cohen
Ramesh Maruthi Nallapati,Caglar Gulcehre
Ramesh Maruthi Nallapati,Mihai Surdeanu
Ramesh Maruthi Nallapati,James Allan
Ramesh Maruthi Nallapati,Daniel Ramage
Ramesh Maruthi Nallapati,David Hall
Ramesh Maruthi Nallapati,Amr Ahmed
Ramesh Maruthi Nallapati,Eric Xing
Ramesh Maruthi Nallapati,Julie Tibshirani
Ramesh Maruthi Nallapati,Fuchun Peng
Ramesh Maruthi Nallapati,Ao Feng
Ramesh Maruthi Nallapati,Daniel McFarland
Ramesh Maruthi Nallapati,Ram Nevatia
Ramesh Maruthi Nallapati,Xiaolin Shi
Ramesh Maruthi Nallapati,Jure Leskovec
Ramesh Maruthi Nallapati,Dan Jurafsky
Ramesh Maruthi Nallapati,Victor Lavrenko
Ramesh Maruthi Nallapati,W. Bruce Croft
Ramesh Maruthi Nallapati,Sridhar Mahadevan
Eric Xing,Rong Yan
Rong Yan,Alex Hauptmann
Rong Yan,Apostol (Paul) Natsev
Rong Yan,Wei-Hao Lin
Rong Yan,Michael Christel
Rong Yan,Rong Jin
Rong Yan,Jelena Tešić
Rong Yan,Lexing Xie
Rong Yan,John R. Smith
Rong Yan,Murray Campbell
Eric Xing,Bing Zhao
Bing Zhao,Stephan Vogel
Bing Zhao,Alexander Waibel
Bing Zhao,Matthias Eck
Bing Zhao,Xiaoqiang Luo
Bing Zhao,Almut Silja Hildebrand
Bing Zhao,Chiori Hori
Bing Zhao,Nguyen Bach
Eric Xing,Christopher Langmead
Christopher Langmead,Sumit Kumar Jha
Christopher Langmead,David Whitcomb
Christopher Langmead,"Georgios Papachristou, MD PhD"
Christopher Langmead,Bruce Donald
Christopher Langmead,Gilles Clermont
Christopher Langmead,Chris Bailey-Kellogg
Christopher Langmead,Susmit Jha
Christopher Langmead,Faraz Hussain
Christopher Langmead,Sivaraman Balakrishnan
Christopher Langmead,Anna Lokshin
Christopher Langmead,"Vikesh K. Singh, MD, MSc"
Christopher Langmead,Eric Xing
Christopher Langmead,Su-In Lee
Christopher Langmead,Robert F. Murphy
Christopher Langmead,Joshua D. Kangas
Christopher Langmead,Klaus Schulten
Christopher Langmead,Tatyana Polenova
Christopher Langmead,Douglas Landsittel
Christopher Langmead,herbert zeh
Christopher Langmead,Markus M. Lerch
Christopher Langmead,Alexandre Donze
Eric Xing,Yiming Yang
Yiming Yang,Hanxiao Liu
Yiming Yang,Quoc V. Le
Yiming Yang,Aman Madaan
Yiming Yang,Zhiqing Sun
Yiming Yang,Wei-Cheng Chang
Yiming Yang,Guokun Lai
Yiming Yang,Ruslan Salakhutdinov
Yiming Yang,Zhilin Yang
Yiming Yang,Graham Neubig
Yiming Yang,Christopher G. Chute
Yiming Yang,Yuexin Wu
Yiming Yang,Monica Rogati
Yiming Yang,Fan Li (李凡)
Yiming Yang,Sean J Welleck
Yiming Yang,Siddharth Gopal
Yiming Yang,Donghan Yu
Yiming Yang,Ruohong Zhang
Yiming Yang,Ruochen Xu
Yiming Yang,Barnabas Poczos
Yiming Yang,Chun-Liang Li
Yiming Yang,Denny Zhou
Yiming Yang,Shinjae Yoo
Yiming Yang,Jingzhou Liu
Yiming Yang,Karen Simonyan
Yiming Yang,Abhay Harpale
Yiming Yang,David D. Lewis
Yiming Yang,Abhimanyu Lad
Yiming Yang,Rayid Ghani
Yiming Yang,James Allan
Yiming Yang,Tie-Yan Liu
Yiming Yang,Alex Hauptmann
Yiming Yang,Robert E Frederking
Yiming Yang,Zoubin Ghahramani
Yiming Yang,Guoqing Zheng
Yiming Yang,zheng chen
Yiming Yang,Huajun Zeng
Yiming Yang,Wei-Ying Ma
Yiming Yang,Eric Xing
Yiming Yang,Il-Chul Moon
Yiming Yang,He Daqing
Yiming Yang,Naoki Otani
Yiming Yang,Rong Jin
Yiming Yang,Keerthiram Murugesan
Yiming Yang,Peter Brusilovsky
Yiming Yang,Andrew Moore
Yiming Yang,Jeff Schneider
Yiming Yang,Yan Liu
Yiming Yang,Thorsten Joachims
Yiming Yang,Tom Mitchell
Yiming Yang,Mark Craven
Yiming Yang,Ni Lao
Yiming Yang,Toyoaki Nishida
Yiming Yang,Jian Zhang
Yiming Yang,W John Wilbur
Yiming Yang,Dave Lewis
Yiming Yang,Michael Qizhe Shieh
Yiming Yang,Zihang Dai
Eric Xing,Yan Liu
Eric Xing,Zhen Guo
Eric Xing,Fan Li (李凡)
Fan Li (李凡),Yiming Yang
Fan Li (李凡),David D. Lewis
Fan Li (李凡),Jiang Bian
Fan Li (李凡),Eric Xing
Fan Li (李凡),Jonathan Shihao Ji
Fan Li (李凡),Xin Li
Fan Li (李凡),Longbin Chen
Fan Li (李凡),Belle Tseng
Eric Xing,Jia-Yu Pan
Eric Xing,Dipanjan Das
Dipanjan Das,Ankur P Parikh
Dipanjan Das,Noah A. Smith
Dipanjan Das,Slav Petrov
Dipanjan Das,Kuzman Ganchev
Dipanjan Das,Oscar Täckström
Dipanjan Das,Ellie Pavlick
Dipanjan Das,Nathan Schneider
Dipanjan Das,Manaal Faruqui
Dipanjan Das,Ian Tenney
Dipanjan Das,Thibault Sellam
Dipanjan Das,Kevin Gimpel
Dipanjan Das,Michael Collins
Dipanjan Das,Jacob Eisenstein
Dipanjan Das,Jakob Uszkoreit
Dipanjan Das,Desai Chen
Dipanjan Das,Joakim Nivre
Dipanjan Das,Michael Heilman
Dipanjan Das,Mirella Lapata
Dipanjan Das,Tom Kwiatkowski
Dipanjan Das,Andre Martins
Dipanjan Das,Brendan T. O'Connor
Dipanjan Das,Jeffrey Flanigan
Dipanjan Das,Dani Yogatama
Dipanjan Das,R. Thomas McCoy
Dipanjan Das,Bhuwan Dhingra
Dipanjan Das,Gaurav Singh Tomar
Dipanjan Das,Sebastian Gehrmann
Dipanjan Das,Joshua Maynez
Dipanjan Das,Keith Hall
Dipanjan Das,Yvonne Quirmbach-Brundage
Dipanjan Das,Xuezhi Wang
Dipanjan Das,Shashi Narayan
Dipanjan Das,Adam Poliak
Dipanjan Das,Alex Wang
Dipanjan Das,Benjamin Van Durme
Dipanjan Das,Samuel R. Bowman
Dipanjan Das,Najoung Kim
Dipanjan Das,Patrick Xia
Dipanjan Das,Berlin Chen
Dipanjan Das,Jason Wei
Dipanjan Das,Markus Freitag
Dipanjan Das,Hyung Won Chung
Dipanjan Das,Fantine Huot
Dipanjan Das,Yoav Goldberg
Dipanjan Das,Hao Zhang
Dipanjan Das,Karl Moritz Hermann
Dipanjan Das,Jason Weston
Dipanjan Das,Tal Linzen
Dipanjan Das,Reinald Kim Amplayo
Dipanjan Das,David Reitter
Dipanjan Das,Hannah Rashkin
Dipanjan Das,Vitaly Nikolaev
Dipanjan Das,Jonathan Berant
Dipanjan Das,Diyi Yang
Dipanjan Das,Alex Hauptmann
Dipanjan Das,Roee Aharoni
Dipanjan Das,Ji Ma
Dipanjan Das,Denny Zhou
Dipanjan Das,Mirac Suzgun
Dipanjan Das,Freda Shi
Dipanjan Das,Yi Tay
Dipanjan Das,Soroush Vosoughi
Dipanjan Das,Mahesh Joshi
Dipanjan Das,Thyago Duque
Dipanjan Das,Siva Reddy
Dipanjan Das,Mark Steedman
Dipanjan Das,Ming-Wei Chang
Dipanjan Das,Annie Louis
Dipanjan Das,Anders Thorhauge Sandholm
Dipanjan Das,Emily Pitler
Dipanjan Das,Junghyun Min
Dipanjan Das,Fernando Pereira
Dipanjan Das,Mohit Kumar
Dipanjan Das,Alexander Rudnicky
Dipanjan Das,Nicholas FitzGerald
Dipanjan Das,Kenton Lee
Dipanjan Das,Shimi Salant
Dipanjan Das,Monojit Choudhury
Dipanjan Das,Lora Aroyo
Dipanjan Das,Jianmo Ni
Dipanjan Das,Jonathan Herzig
Dipanjan Das,Tal Schuster
Dipanjan Das,Kai Hui
Dipanjan Das,Bernd Bohnet
Dipanjan Das,Pat Verga
Dipanjan Das,Livio Baldini Soares
Dipanjan Das,Donald Metzler
Dipanjan Das,Vinh Q. Tran
Dipanjan Das,Massimiliano Ciaramita
Dipanjan Das,Daniel Andor-Ardó
Dipanjan Das,Shay Cohen
Dipanjan Das,Eric Xing
Dipanjan Das,Jennimaria Palomaki
Dipanjan Das,Eunsol Choi
Dipanjan Das,Naomi Saphra
Dipanjan Das,Jasmijn Bastings
Dipanjan Das,Steve Yadlowsky
Dipanjan Das,Alexander D'Amour
Dipanjan Das,Jan A. Botha
Dipanjan Das,Jason Baldridge
Dipanjan Das,Chris Alberti
Dipanjan Das,Yevgen Borodin
Dipanjan Das,Jalal Mahmud
Dipanjan Das,IV Ramakrishnan
Dipanjan Das,Hao Peng
Dipanjan Das,Yoav Artzi
Dipanjan Das,Wei-Hao Lin
Dipanjan Das,Rong Yan
Dipanjan Das,Xiao Wu
Dipanjan Das,Qijun Tan
Dipanjan Das,Amy Pu
Dipanjan Das,Aditya Siddhant
Dipanjan Das,Shruti Rijhwani
Dipanjan Das,Goncalo Simoes
Dipanjan Das,Yao Zhao
Dipanjan Das,Alan W Black
Dipanjan Das,Rebecca Hwa
Dipanjan Das,Frederick Crabbe
Dipanjan Das,Amarnag Subramanya
Dipanjan Das,Anupam Basu
Dipanjan Das,Sudeshna Sarkar
Dipanjan Das,Sachin Agarwal
Dipanjan Das,Chaitanya Malaviya
Dipanjan Das,Pranesh Srinivasan
Dipanjan Das,Mark Yatskar
Dipanjan Das,Chris Dyer
Dipanjan Das,Yulia Tsvetkov
Dipanjan Das,Lori Levin
Dipanjan Das,Ryan McDonald
Dipanjan Das,Sreelekha Paul
