Research Area,Unique Topics
NLP,AI/LLM Agents
NLP,Code Models
NLP,"Computational Social Science, Cultural Analytics, and NLP for Social Good"
NLP,Dialogue and Interactive Systems
NLP,"Discourse, Pragmatics, and Reasoning"
NLP,Efficient/Low-Resource Methods for NLP
NLP,"Ethics, Bias, and Fairness"
NLP,Generalizability and Transfer
NLP,Generalization of NLP Models (special)
NLP,Generation
NLP,"Hierarchical Structure Prediction, Syntax, and Parsing"
NLP,Human-AI Interaction/Cooperation
NLP,Human-Centered NLP
NLP,Information Extraction and Retrieval
NLP,Information Retrieval and Text Mining
NLP,Interdisciplinary Recontextualization of NLP
NLP,Interpretability and Analysis of Models for NLP
NLP,"Interpretability, Model Editing, Transparency, and Explainability"
NLP,Language Modeling
NLP,"Linguistic theories, Cognitive Modeling and Psycholinguistics"
NLP,LLM Efficiency
NLP,Machine Learning for NLP
NLP,Machine Translation
NLP,"Mathematical, Symbolic, and Logical Reasoning in NLP"
NLP,Multilinguality and Language Diversity
NLP,"Multimodality and Language Grounding to Vision, Robotics and Beyond"
NLP,Natural Language Generation
NLP,Neurosymbolic approaches to NLP
NLP,NLP Applications
NLP,NLP in a Multicultural World (special)
NLP,"Phonology, Morphology and Word Segmentation"
NLP,Question Answering
NLP,Resources and Evaluation
NLP,Retrieval-Augmented Language Models
NLP,Safety and Alignment in LLMs
NLP,"Semantics: Lexical, Sentence-level Semantics, Textual Inference and Other areas"
NLP,"Sentiment Analysis, Stylistic Analysis, and Argument Mining"
NLP,"Speech recognition, text-to-speech and spoken language understanding"
NLP,Summarization
NLP,"Syntax: Tagging, Chunking and Parsing"
